Workbook
Name ExternalData_2: Infopedia!$C$3:$L$31

Sheet Lookup Data
A2: HO1 | B2: 31A
A3: HO1 | B3: 31B
A4: HO1 | B4: 55
A5: HO1 | B5: 65
A6: HO2 | B6: 41
A7: HO2 | B7: 44
A8: HO2 | B8: 46
A9: HO2 | B9: 51
A10: HO3 | B10: 62A
A11: HO3 | B11: 62B
A12: HO3 | B12: 86A
A13: HO3 | B13: 86B
A14: HO4 | B14: 66A
A15: HO4 | B15: 66B
A16: HO4 | B16: 75A
A17: HO4 | B17: 75B
A18: HO4 | B18: 75 ONC
A19: HO4 | B19: 76 ONC
A20: HO5 | B20: 56A
A21: HO5 | B21: 56B
... A23: HO5 | B23: 85B

Sheet Index
B2: 1 | C2: Monday | D2: 0
B3: 2 | C3: Tuesday | D3: 0
B4: 3 | C4: Wednesday | D4: 0
B5: 4 | C5: Thursday | D5: 0
B6: 5 | C6: Friday | D6: 0
B7: 6 | C7: Saturday | D7: 1
B8: 7 | C8: Sunday | D8: 1

Sheet Month
B1: Month | D1: PH?
D2: Day of week | I2: =WEEKDAY(I5,2) -> 2 | J2: =WEEKDAY(J5,2) -> 3 | K2: =WEEKDAY(K5,2) -> 4 | L2: =WEEKDAY(L5,2) -> 5 | M2: =WEEKDAY(M5,2) -> 6 | N2: =WEEKDAY(N5,2) -> 7 | O2: =WEEKDAY(O5,2) -> 1 | P2: =WEEKDAY(P5,2) -> 2 | ... AR2: =WEEKDAY(AR5,2) -> 2
G4: Last cycle | AT4: Calls | AZ4: Calculated | BB4: Cumulative
B5: Name | C5: Team | D5: Ward | E5: Subspec | F5: EligibleShifts | G5: =I5-2 -> 46117 | H5: =I5-1 -> 46118 | I5: 46119 | J5: =I5+1 -> 46120 | K5: =J5+1 -> 46121 | L5: =K5+1 -> 46122 | M5: =L5+1 -> 46123 | N5: =M5+1 -> 46124 | O5: =N5+1 -> 46125 | P5: =O5+1 -> 46126 | Q5: =P5+1 -> 46127 | ... AR5: =AQ5+1 -> 46154 | AT5: Weekday | AU5: Friday/Pre-PH | AV5: Satuday/PH | AW5: Sunday | AX5: WR | AY5: SB | AZ5: # of calls | BA5: Call points | BB5: Call points last month | BC5: Total call points | BD5: Total months | BE5: Avg. points per month
G6: =IFERROR(IF(VLOOKUP($B6,'Month-1'!$B$3:$D$53,2,0)=0,"",VLOOKUP($B6,'Month-1'!$B$3:$D$53,2,0)),"") | H6: =IFERROR(IF(VLOOKUP($B6,'Month-1'!$B$3:$D$53,3,0)=0,"",VLOOKUP($B7,'Month-1'!$B$3:$D$53,3,0)),"") | AT6: =COUNTIFS(I6:AR6,"MO*",$I$2:$AR$2,"<5",$I$1:$AR$1,"<>PRE", $I$1:$AR$1,"<>Y") -> 0 | AU6: =COUNTIFS(I6:AR6,"MO*",$I$1:$AR$1,"PRE")+COUNTIFS(I6:AR6,"MO*",$I$2:$AR$2,"5",$I$1:$AR$1,"<>PRE",$I$1:$AR$1,"<>Y") -> 0 | AV6: =COUNTIFS(I6:AR6,"MO*",$I$1:$AR$1,"Y")+COUNTIFS(I6:AR6,"MO*",$I$2:$AR$2,"6",$I$1:$AR$1,"<>PRE",$I$1:$AR$1,"<>Y") -> 0 | AW6: =COUNTIFS(I6:AR6,"MO*", $I$2:$AR$2,"7",$I$1:$AR$1,"<>PRE", $I$1:$AR$1,"<>Y") -> 0 | AX6: =COUNTIF(I6:AR6,"WR*") -> 0 | AY6: =COUNTIF(I6:AR6,"SB") -> 0 | AZ6: =SUM(AT6:AW6) -> 0 | BA6: =AT6*1+AU6*3+AV6*4+AW6*3 -> 0 | BB6: =IFERROR(INDEX('Month-1'!$F$3:$F$53,MATCH($B6,'Month-1'!$B$3:$B$53,0)),0) -> 0 | BC6: =BA6+BB6 -> 0 | BD6: =IFERROR(INDEX('Month-1'!$G$3:$G$53,MATCH($B6,'Month-1'!$B$3:$B$53,0)),0) + 1 -> 1 | BE6: =BC6/BD6 -> 0
G7: =IFERROR(IF(VLOOKUP($B7,'Month-1'!$B$3:$D$53,2,0)=0,"",VLOOKUP($B7,'Month-1'!$B$3:$D$53,2,0)),"") | H7: =IFERROR(IF(VLOOKUP($B7,'Month-1'!$B$3:$D$53,3,0)=0,"",VLOOKUP($B8,'Month-1'!$B$3:$D$53,3,0)),"") | AT7: =COUNTIFS(I7:AR7,"MO*",$I$2:$AR$2,"<5",$I$1:$AR$1,"<>PRE", $I$1:$AR$1,"<>Y") -> 0 | AU7: =COUNTIFS(I7:AR7,"MO*",$I$1:$AR$1,"PRE")+COUNTIFS(I7:AR7,"MO*",$I$2:$AR$2,"5",$I$1:$AR$1,"<>PRE",$I$1:$AR$1,"<>Y") -> 0 | AV7: =COUNTIFS(I7:AR7,"MO*",$I$1:$AR$1,"Y")+COUNTIFS(I7:AR7,"MO*",$I$2:$AR$2,"6",$I$1:$AR$1,"<>PRE",$I$1:$AR$1,"<>Y") -> 0 | AW7: =COUNTIFS(I7:AR7,"MO*", $I$2:$AR$2,"7",$I$1:$AR$1,"<>PRE", $I$1:$AR$1,"<>Y") -> 0 | AX7: =COUNTIF(I7:AR7,"WR*") -> 0 | AY7: =COUNTIF(I7:AR7,"SB") -> 0 | AZ7: =SUM(AT7:AW7) -> 0 | BA7: =AT7*1+AU7*3+AV7*4+AW7*3 -> 0 | BB7: =IFERROR(INDEX('Month-1'!$F$3:$F$53,MATCH($B7,'Month-1'!$B$3:$B$53,0)),0) -> 0 | BC7: =BA7+BB7 -> 0 | BD7: =IFERROR(INDEX('Month-1'!$G$3:$G$53,MATCH($B7,'Month-1'!$B$3:$B$53,0)),0) + 1 -> 1 | BE7: =BC7/BD7 -> 0
G8: =IFERROR(IF(VLOOKUP($B8,'Month-1'!$B$3:$D$53,2,0)=0,"",VLOOKUP($B8,'Month-1'!$B$3:$D$53,2,0)),"") | H8: =IFERROR(IF(VLOOKUP($B8,'Month-1'!$B$3:$D$53,3,0)=0,"",VLOOKUP($B9,'Month-1'!$B$3:$D$53,3,0)),"") | AT8: =COUNTIFS(I8:AR8,"MO*",$I$2:$AR$2,"<5",$I$1:$AR$1,"<>PRE", $I$1:$AR$1,"<>Y") -> 0 | AU8: =COUNTIFS(I8:AR8,"MO*",$I$1:$AR$1,"PRE")+COUNTIFS(I8:AR8,"MO*",$I$2:$AR$2,"5",$I$1:$AR$1,"<>PRE",$I$1:$AR$1,"<>Y") -> 0 | AV8: =COUNTIFS(I8:AR8,"MO*",$I$1:$AR$1,"Y")+COUNTIFS(I8:AR8,"MO*",$I$2:$AR$2,"6",$I$1:$AR$1,"<>PRE",$I$1:$AR$1,"<>Y") -> 0 | AW8: =COUNTIFS(I8:AR8,"MO*", $I$2:$AR$2,"7",$I$1:$AR$1,"<>PRE", $I$1:$AR$1,"<>Y") -> 0 | AX8: =COUNTIF(I8:AR8,"WR*") -> 0 | AY8: =COUNTIF(I8:AR8,"SB") -> 0 | AZ8: =SUM(AT8:AW8) -> 0 | BA8: =AT8*1+AU8*3+AV8*4+AW8*3 -> 0 | BB8: =IFERROR(INDEX('Month-1'!$F$3:$F$53,MATCH($B8,'Month-1'!$B$3:$B$53,0)),0) -> 0 | BC8: =BA8+BB8 -> 0 | BD8: =IFERROR(INDEX('Month-1'!$G$3:$G$53,MATCH($B8,'Month-1'!$B$3:$B$53,0)),0) + 1 -> 1 | BE8: =BC8/BD8 -> 0
G9: =IFERROR(IF(VLOOKUP($B9,'Month-1'!$B$3:$D$53,2,0)=0,"",VLOOKUP($B9,'Month-1'!$B$3:$D$53,2,0)),"") | H9: =IFERROR(IF(VLOOKUP($B9,'Month-1'!$B$3:$D$53,3,0)=0,"",VLOOKUP($B10,'Month-1'!$B$3:$D$53,3,0)),"") | AT9: =COUNTIFS(I9:AR9,"MO*",$I$2:$AR$2,"<5",$I$1:$AR$1,"<>PRE", $I$1:$AR$1,"<>Y") -> 0 | AU9: =COUNTIFS(I9:AR9,"MO*",$I$1:$AR$1,"PRE")+COUNTIFS(I9:AR9,"MO*",$I$2:$AR$2,"5",$I$1:$AR$1,"<>PRE",$I$1:$AR$1,"<>Y") -> 0 | AV9: =COUNTIFS(I9:AR9,"MO*",$I$1:$AR$1,"Y")+COUNTIFS(I9:AR9,"MO*",$I$2:$AR$2,"6",$I$1:$AR$1,"<>PRE",$I$1:$AR$1,"<>Y") -> 0 | AW9: =COUNTIFS(I9:AR9,"MO*", $I$2:$AR$2,"7",$I$1:$AR$1,"<>PRE", $I$1:$AR$1,"<>Y") -> 0 | AX9: =COUNTIF(I9:AR9,"WR*") -> 0 | AY9: =COUNTIF(I9:AR9,"SB") -> 0 | AZ9: =SUM(AT9:AW9) -> 0 | BA9: =AT9*1+AU9*3+AV9*4+AW9*3 -> 0 | BB9: =IFERROR(INDEX('Month-1'!$F$3:$F$53,MATCH($B9,'Month-1'!$B$3:$B$53,0)),0) -> 0 | BC9: =BA9+BB9 -> 0 | BD9: =IFERROR(INDEX('Month-1'!$G$3:$G$53,MATCH($B9,'Month-1'!$B$3:$B$53,0)),0) + 1 -> 1 | BE9: =BC9/BD9 -> 0
G10: =IFERROR(IF(VLOOKUP($B10,'Month-1'!$B$3:$D$53,2,0)=0,"",VLOOKUP($B10,'Month-1'!$B$3:$D$53,2,0)),"") | H10: =IFERROR(IF(VLOOKUP($B10,'Month-1'!$B$3:$D$53,3,0)=0,"",VLOOKUP($B11,'Month-1'!$B$3:$D$53,3,0)),"") | AT10: =COUNTIFS(I10:AR10,"MO*",$I$2:$AR$2,"<5",$I$1:$AR$1,"<>PRE", $I$1:$AR$1,"<>Y") -> 0 | AU10: =COUNTIFS(I10:AR10,"MO*",$I$1:$AR$1,"PRE")+COUNTIFS(I10:AR10,"MO*",$I$2:$AR$2,"5",$I$1:$AR$1,"<>PRE",$I$1:$AR$1,"<>Y") -> 0 | AV10: =COUNTIFS(I10:AR10,"MO*",$I$1:$AR$1,"Y")+COUNTIFS(I10:AR10,"MO*",$I$2:$AR$2,"6",$I$1:$AR$1,"<>PRE",$I$1:$AR$1,"<>Y") -> 0 | AW10: =COUNTIFS(I10:AR10,"MO*", $I$2:$AR$2,"7",$I$1:$AR$1,"<>PRE", $I$1:$AR$1,"<>Y") -> 0 | AX10: =COUNTIF(I10:AR10,"WR*") -> 0 | AY10: =COUNTIF(I10:AR10,"SB") -> 0 | AZ10: =SUM(AT10:AW10) -> 0 | BA10: =AT10*1+AU10*3+AV10*4+AW10*3 -> 0 | BB10: =IFERROR(INDEX('Month-1'!$F$3:$F$53,MATCH($B10,'Month-1'!$B$3:$B$53,0)),0) -> 0 | BC10: =BA10+BB10 -> 0 | BD10: =IFERROR(INDEX('Month-1'!$G$3:$G$53,MATCH($B10,'Month-1'!$B$3:$B$53,0)),0) + 1 -> 1 | BE10: =BC10/BD10 -> 0
G11: =IFERROR(IF(VLOOKUP($B11,'Month-1'!$B$3:$D$53,2,0)=0,"",VLOOKUP($B11,'Month-1'!$B$3:$D$53,2,0)),"") | H11: =IFERROR(IF(VLOOKUP($B11,'Month-1'!$B$3:$D$53,3,0)=0,"",VLOOKUP($B12,'Month-1'!$B$3:$D$53,3,0)),"") | AT11: =COUNTIFS(I11:AR11,"MO*",$I$2:$AR$2,"<5",$I$1:$AR$1,"<>PRE", $I$1:$AR$1,"<>Y") -> 0 | AU11: =COUNTIFS(I11:AR11,"MO*",$I$1:$AR$1,"PRE")+COUNTIFS(I11:AR11,"MO*",$I$2:$AR$2,"5",$I$1:$AR$1,"<>PRE",$I$1:$AR$1,"<>Y") -> 0 | AV11: =COUNTIFS(I11:AR11,"MO*",$I$1:$AR$1,"Y")+COUNTIFS(I11:AR11,"MO*",$I$2:$AR$2,"6",$I$1:$AR$1,"<>PRE",$I$1:$AR$1,"<>Y") -> 0 | AW11: =COUNTIFS(I11:AR11,"MO*", $I$2:$AR$2,"7",$I$1:$AR$1,"<>PRE", $I$1:$AR$1,"<>Y") -> 0 | AX11: =COUNTIF(I11:AR11,"WR*") -> 0 | AY11: =COUNTIF(I11:AR11,"SB") -> 0 | AZ11: =SUM(AT11:AW11) -> 0 | BA11: =AT11*1+AU11*3+AV11*4+AW11*3 -> 0 | BB11: =IFERROR(INDEX('Month-1'!$F$3:$F$53,MATCH($B11,'Month-1'!$B$3:$B$53,0)),0) -> 0 | BC11: =BA11+BB11 -> 0 | BD11: =IFERROR(INDEX('Month-1'!$G$3:$G$53,MATCH($B11,'Month-1'!$B$3:$B$53,0)),0) + 1 -> 1 | BE11: =BC11/BD11 -> 0
G12: =IFERROR(IF(VLOOKUP($B12,'Month-1'!$B$3:$D$53,2,0)=0,"",VLOOKUP($B12,'Month-1'!$B$3:$D$53,2,0)),"") | H12: =IFERROR(IF(VLOOKUP($B12,'Month-1'!$B$3:$D$53,3,0)=0,"",VLOOKUP($B13,'Month-1'!$B$3:$D$53,3,0)),"") | AT12: =COUNTIFS(I12:AR12,"MO*",$I$2:$AR$2,"<5",$I$1:$AR$1,"<>PRE", $I$1:$AR$1,"<>Y") -> 0 | AU12: =COUNTIFS(I12:AR12,"MO*",$I$1:$AR$1,"PRE")+COUNTIFS(I12:AR12,"MO*",$I$2:$AR$2,"5",$I$1:$AR$1,"<>PRE",$I$1:$AR$1,"<>Y") -> 0 | AV12: =COUNTIFS(I12:AR12,"MO*",$I$1:$AR$1,"Y")+COUNTIFS(I12:AR12,"MO*",$I$2:$AR$2,"6",$I$1:$AR$1,"<>PRE",$I$1:$AR$1,"<>Y") -> 0 | AW12: =COUNTIFS(I12:AR12,"MO*", $I$2:$AR$2,"7",$I$1:$AR$1,"<>PRE", $I$1:$AR$1,"<>Y") -> 0 | AX12: =COUNTIF(I12:AR12,"WR*") -> 0 | AY12: =COUNTIF(I12:AR12,"SB") -> 0 | AZ12: =SUM(AT12:AW12) -> 0 | BA12: =AT12*1+AU12*3+AV12*4+AW12*3 -> 0 | BB12: =IFERROR(INDEX('Month-1'!$F$3:$F$53,MATCH($B12,'Month-1'!$B$3:$B$53,0)),0) -> 0 | BC12: =BA12+BB12 -> 0 | BD12: =IFERROR(INDEX('Month-1'!$G$3:$G$53,MATCH($B12,'Month-1'!$B$3:$B$53,0)),0) + 1 -> 1 | BE12: =BC12/BD12 -> 0
G13: =IFERROR(IF(VLOOKUP($B13,'Month-1'!$B$3:$D$53,2,0)=0,"",VLOOKUP($B13,'Month-1'!$B$3:$D$53,2,0)),"") | H13: =IFERROR(IF(VLOOKUP($B13,'Month-1'!$B$3:$D$53,3,0)=0,"",VLOOKUP($B14,'Month-1'!$B$3:$D$53,3,0)),"") | AT13: =COUNTIFS(I13:AR13,"MO*",$I$2:$AR$2,"<5",$I$1:$AR$1,"<>PRE", $I$1:$AR$1,"<>Y") -> 0 | AU13: =COUNTIFS(I13:AR13,"MO*",$I$1:$AR$1,"PRE")+COUNTIFS(I13:AR13,"MO*",$I$2:$AR$2,"5",$I$1:$AR$1,"<>PRE",$I$1:$AR$1,"<>Y") -> 0 | AV13: =COUNTIFS(I13:AR13,"MO*",$I$1:$AR$1,"Y")+COUNTIFS(I13:AR13,"MO*",$I$2:$AR$2,"6",$I$1:$AR$1,"<>PRE",$I$1:$AR$1,"<>Y") -> 0 | AW13: =COUNTIFS(I13:AR13,"MO*", $I$2:$AR$2,"7",$I$1:$AR$1,"<>PRE", $I$1:$AR$1,"<>Y") -> 0 | AX13: =COUNTIF(I13:AR13,"WR*") -> 0 | AY13: =COUNTIF(I13:AR13,"SB") -> 0 | AZ13: =SUM(AT13:AW13) -> 0 | BA13: =AT13*1+AU13*3+AV13*4+AW13*3 -> 0 | BB13: =IFERROR(INDEX('Month-1'!$F$3:$F$53,MATCH($B13,'Month-1'!$B$3:$B$53,0)),0) -> 0 | BC13: =BA13+BB13 -> 0 | BD13: =IFERROR(INDEX('Month-1'!$G$3:$G$53,MATCH($B13,'Month-1'!$B$3:$B$53,0)),0) + 1 -> 1 | BE13: =BC13/BD13 -> 0
G14: =IFERROR(IF(VLOOKUP($B14,'Month-1'!$B$3:$D$53,2,0)=0,"",VLOOKUP($B14,'Month-1'!$B$3:$D$53,2,0)),"") | H14: =IFERROR(IF(VLOOKUP($B14,'Month-1'!$B$3:$D$53,3,0)=0,"",VLOOKUP($B15,'Month-1'!$B$3:$D$53,3,0)),"") | AT14: =COUNTIFS(I14:AR14,"MO*",$I$2:$AR$2,"<5",$I$1:$AR$1,"<>PRE", $I$1:$AR$1,"<>Y") -> 0 | AU14: =COUNTIFS(I14:AR14,"MO*",$I$1:$AR$1,"PRE")+COUNTIFS(I14:AR14,"MO*",$I$2:$AR$2,"5",$I$1:$AR$1,"<>PRE",$I$1:$AR$1,"<>Y") -> 0 | AV14: =COUNTIFS(I14:AR14,"MO*",$I$1:$AR$1,"Y")+COUNTIFS(I14:AR14,"MO*",$I$2:$AR$2,"6",$I$1:$AR$1,"<>PRE",$I$1:$AR$1,"<>Y") -> 0 | AW14: =COUNTIFS(I14:AR14,"MO*", $I$2:$AR$2,"7",$I$1:$AR$1,"<>PRE", $I$1:$AR$1,"<>Y") -> 0 | AX14: =COUNTIF(I14:AR14,"WR*") -> 0 | AY14: =COUNTIF(I14:AR14,"SB") -> 0 | AZ14: =SUM(AT14:AW14) -> 0 | BA14: =AT14*1+AU14*3+AV14*4+AW14*3 -> 0 | BB14: =IFERROR(INDEX('Month-1'!$F$3:$F$53,MATCH($B14,'Month-1'!$B$3:$B$53,0)),0) -> 0 | BC14: =BA14+BB14 -> 0 | BD14: =IFERROR(INDEX('Month-1'!$G$3:$G$53,MATCH($B14,'Month-1'!$B$3:$B$53,0)),0) + 1 -> 1 | BE14: =BC14/BD14 -> 0
G15: =IFERROR(IF(VLOOKUP($B15,'Month-1'!$B$3:$D$53,2,0)=0,"",VLOOKUP($B15,'Month-1'!$B$3:$D$53,2,0)),"") | H15: =IFERROR(IF(VLOOKUP($B15,'Month-1'!$B$3:$D$53,3,0)=0,"",VLOOKUP($B16,'Month-1'!$B$3:$D$53,3,0)),"") | AT15: =COUNTIFS(I15:AR15,"MO*",$I$2:$AR$2,"<5",$I$1:$AR$1,"<>PRE", $I$1:$AR$1,"<>Y") -> 0 | AU15: =COUNTIFS(I15:AR15,"MO*",$I$1:$AR$1,"PRE")+COUNTIFS(I15:AR15,"MO*",$I$2:$AR$2,"5",$I$1:$AR$1,"<>PRE",$I$1:$AR$1,"<>Y") -> 0 | AV15: =COUNTIFS(I15:AR15,"MO*",$I$1:$AR$1,"Y")+COUNTIFS(I15:AR15,"MO*",$I$2:$AR$2,"6",$I$1:$AR$1,"<>PRE",$I$1:$AR$1,"<>Y") -> 0 | AW15: =COUNTIFS(I15:AR15,"MO*", $I$2:$AR$2,"7",$I$1:$AR$1,"<>PRE", $I$1:$AR$1,"<>Y") -> 0 | AX15: =COUNTIF(I15:AR15,"WR*") -> 0 | AY15: =COUNTIF(I15:AR15,"SB") -> 0 | AZ15: =SUM(AT15:AW15) -> 0 | BA15: =AT15*1+AU15*3+AV15*4+AW15*3 -> 0 | BB15: =IFERROR(INDEX('Month-1'!$F$3:$F$53,MATCH($B15,'Month-1'!$B$3:$B$53,0)),0) -> 0 | BC15: =BA15+BB15 -> 0 | BD15: =IFERROR(INDEX('Month-1'!$G$3:$G$53,MATCH($B15,'Month-1'!$B$3:$B$53,0)),0) + 1 -> 1 | BE15: =BC15/BD15 -> 0
G16: =IFERROR(IF(VLOOKUP($B16,'Month-1'!$B$3:$D$53,2,0)=0,"",VLOOKUP($B16,'Month-1'!$B$3:$D$53,2,0)),"") | H16: =IFERROR(IF(VLOOKUP($B16,'Month-1'!$B$3:$D$53,3,0)=0,"",VLOOKUP($B17,'Month-1'!$B$3:$D$53,3,0)),"") | AT16: =COUNTIFS(I16:AR16,"MO*",$I$2:$AR$2,"<5",$I$1:$AR$1,"<>PRE", $I$1:$AR$1,"<>Y") -> 0 | AU16: =COUNTIFS(I16:AR16,"MO*",$I$1:$AR$1,"PRE")+COUNTIFS(I16:AR16,"MO*",$I$2:$AR$2,"5",$I$1:$AR$1,"<>PRE",$I$1:$AR$1,"<>Y") -> 0 | AV16: =COUNTIFS(I16:AR16,"MO*",$I$1:$AR$1,"Y")+COUNTIFS(I16:AR16,"MO*",$I$2:$AR$2,"6",$I$1:$AR$1,"<>PRE",$I$1:$AR$1,"<>Y") -> 0 | AW16: =COUNTIFS(I16:AR16,"MO*", $I$2:$AR$2,"7",$I$1:$AR$1,"<>PRE", $I$1:$AR$1,"<>Y") -> 0 | AX16: =COUNTIF(I16:AR16,"WR*") -> 0 | AY16: =COUNTIF(I16:AR16,"SB") -> 0 | AZ16: =SUM(AT16:AW16) -> 0 | BA16: =AT16*1+AU16*3+AV16*4+AW16*3 -> 0 | BB16: =IFERROR(INDEX('Month-1'!$F$3:$F$53,MATCH($B16,'Month-1'!$B$3:$B$53,0)),0) -> 0 | BC16: =BA16+BB16 -> 0 | BD16: =IFERROR(INDEX('Month-1'!$G$3:$G$53,MATCH($B16,'Month-1'!$B$3:$B$53,0)),0) + 1 -> 1 | BE16: =BC16/BD16 -> 0
G17: =IFERROR(IF(VLOOKUP($B17,'Month-1'!$B$3:$D$53,2,0)=0,"",VLOOKUP($B17,'Month-1'!$B$3:$D$53,2,0)),"") | H17: =IFERROR(IF(VLOOKUP($B17,'Month-1'!$B$3:$D$53,3,0)=0,"",VLOOKUP($B18,'Month-1'!$B$3:$D$53,3,0)),"") | AT17: =COUNTIFS(I17:AR17,"MO*",$I$2:$AR$2,"<5",$I$1:$AR$1,"<>PRE", $I$1:$AR$1,"<>Y") -> 0 | AU17: =COUNTIFS(I17:AR17,"MO*",$I$1:$AR$1,"PRE")+COUNTIFS(I17:AR17,"MO*",$I$2:$AR$2,"5",$I$1:$AR$1,"<>PRE",$I$1:$AR$1,"<>Y") -> 0 | AV17: =COUNTIFS(I17:AR17,"MO*",$I$1:$AR$1,"Y")+COUNTIFS(I17:AR17,"MO*",$I$2:$AR$2,"6",$I$1:$AR$1,"<>PRE",$I$1:$AR$1,"<>Y") -> 0 | AW17: =COUNTIFS(I17:AR17,"MO*", $I$2:$AR$2,"7",$I$1:$AR$1,"<>PRE", $I$1:$AR$1,"<>Y") -> 0 | AX17: =COUNTIF(I17:AR17,"WR*") -> 0 | AY17: =COUNTIF(I17:AR17,"SB") -> 0 | AZ17: =SUM(AT17:AW17) -> 0 | BA17: =AT17*1+AU17*3+AV17*4+AW17*3 -> 0 | BB17: =IFERROR(INDEX('Month-1'!$F$3:$F$53,MATCH($B17,'Month-1'!$B$3:$B$53,0)),0) -> 0 | BC17: =BA17+BB17 -> 0 | BD17: =IFERROR(INDEX('Month-1'!$G$3:$G$53,MATCH($B17,'Month-1'!$B$3:$B$53,0)),0) + 1 -> 1 | BE17: =BC17/BD17 -> 0
... G55: =IFERROR(IF(VLOOKUP($B55,'Month-1'!$B$3:$D$53,2,0)=0,"",VLOOKUP($B55,'Month-1'!$B$3:$D$53,2,0)),"") | H55: =IFERROR(IF(VLOOKUP($B55,'Month-1'!$B$3:$D$53,3,0)=0,"",VLOOKUP($B56,'Month-1'!$B$3:$D$53,3,0)),"") | AT55: =COUNTIFS(I55:AR55,"MO*",$I$2:$AR$2,"<5",$I$1:$AR$1,"<>PRE", $I$1:$AR$1,"<>Y") -> 0 | AU55: =COUNTIFS(I55:AR55,"MO*",$I$1:$AR$1,"PRE")+COUNTIFS(I55:AR55,"MO*",$I$2:$AR$2,"5",$I$1:$AR$1,"<>PRE",$I$1:$AR$1,"<>Y") -> 0 | AV55: =COUNTIFS(I55:AR55,"MO*",$I$1:$AR$1,"Y")+COUNTIFS(I55:AR55,"MO*",$I$2:$AR$2,"6",$I$1:$AR$1,"<>PRE",$I$1:$AR$1,"<>Y") -> 0 | AW55: =COUNTIFS(I55:AR55,"MO*", $I$2:$AR$2,"7",$I$1:$AR$1,"<>PRE", $I$1:$AR$1,"<>Y") -> 0 | AX55: =COUNTIF(I55:AR55,"WR*") -> 0 | AY55: =COUNTIF(I55:AR55,"SB") -> 0 | AZ55: =SUM(AT55:AW55) -> 0 | BA55: =AT55*1+AU55*3+AV55*4+AW55*3 -> 0 | BB55: =IFERROR(INDEX('Month-1'!$F$3:$F$53,MATCH($B55,'Month-1'!$B$3:$B$53,0)),0) -> 0 | BC55: =BA55+BB55 -> 0 | BD55: =IFERROR(INDEX('Month-1'!$G$3:$G$53,MATCH($B55,'Month-1'!$B$3:$B$53,0)),0) + 1 -> 1 | BE55: =BC55/BD55 -> 0
E57: MO1 | I57: =COUNTIFS(I$6:I$55,$E57) -> 0 | J57: =COUNTIFS(J$6:J$55,$E57) -> 0 | K57: =COUNTIFS(K$6:K$55,$E57) -> 0 | L57: =COUNTIFS(L$6:L$55,$E57) -> 0 | M57: =COUNTIFS(M$6:M$55,$E57) -> 0 | N57: =COUNTIFS(N$6:N$55,$E57) -> 0 | O57: =COUNTIFS(O$6:O$55,$E57) -> 0 | P57: =COUNTIFS(P$6:P$55,$E57) -> 0 | ... AR57: =COUNTIFS(AR$6:AR$55,$E57) -> 0
E58: MO2 | I58: =COUNTIFS(I$6:I$55,$E58) -> 0 | J58: =COUNTIFS(J$6:J$55,$E58) -> 0 | K58: =COUNTIFS(K$6:K$55,$E58) -> 0 | L58: =COUNTIFS(L$6:L$55,$E58) -> 0 | M58: =COUNTIFS(M$6:M$55,$E58) -> 0 | N58: =COUNTIFS(N$6:N$55,$E58) -> 0 | O58: =COUNTIFS(O$6:O$55,$E58) -> 0 | P58: =COUNTIFS(P$6:P$55,$E58) -> 0 | ... AR58: =COUNTIFS(AR$6:AR$55,$E58) -> 0
E59: MO3 | I59: =COUNTIFS(I$6:I$55,$E59) -> 0 | J59: =COUNTIFS(J$6:J$55,$E59) -> 0 | K59: =COUNTIFS(K$6:K$55,$E59) -> 0 | L59: =COUNTIFS(L$6:L$55,$E59) -> 0 | M59: =COUNTIFS(M$6:M$55,$E59) -> 0 | N59: =COUNTIFS(N$6:N$55,$E59) -> 0 | O59: =COUNTIFS(O$6:O$55,$E59) -> 0 | P59: =COUNTIFS(P$6:P$55,$E59) -> 0 | ... AR59: =COUNTIFS(AR$6:AR$55,$E59) -> 0
E60: MO4 | I60: =COUNTIFS(I$6:I$55,$E60) -> 0 | J60: =COUNTIFS(J$6:J$55,$E60) -> 0 | K60: =COUNTIFS(K$6:K$55,$E60) -> 0 | L60: =COUNTIFS(L$6:L$55,$E60) -> 0 | M60: =COUNTIFS(M$6:M$55,$E60) -> 0 | N60: =COUNTIFS(N$6:N$55,$E60) -> 0 | O60: =COUNTIFS(O$6:O$55,$E60) -> 0 | P60: =COUNTIFS(P$6:P$55,$E60) -> 0 | ... AR60: =COUNTIFS(AR$6:AR$55,$E60) -> 0
E61: MO5 | I61: =COUNTIFS(I$6:I$55,$E61) -> 0 | J61: =COUNTIFS(J$6:J$55,$E61) -> 0 | K61: =COUNTIFS(K$6:K$55,$E61) -> 0 | L61: =COUNTIFS(L$6:L$55,$E61) -> 0 | M61: =COUNTIFS(M$6:M$55,$E61) -> 0 | N61: =COUNTIFS(N$6:N$55,$E61) -> 0 | O61: =COUNTIFS(O$6:O$55,$E61) -> 0 | P61: =COUNTIFS(P$6:P$55,$E61) -> 0 | ... AR61: =COUNTIFS(AR$6:AR$55,$E61) -> 0
E62: MO6 | I62: =COUNTIFS(I$6:I$55,$E62) -> 0 | J62: =COUNTIFS(J$6:J$55,$E62) -> 0 | K62: =COUNTIFS(K$6:K$55,$E62) -> 0 | L62: =COUNTIFS(L$6:L$55,$E62) -> 0 | M62: =COUNTIFS(M$6:M$55,$E62) -> 0 | N62: =COUNTIFS(N$6:N$55,$E62) -> 0 | O62: =COUNTIFS(O$6:O$55,$E62) -> 0 | P62: =COUNTIFS(P$6:P$55,$E62) -> 0 | ... AR62: =COUNTIFS(AR$6:AR$55,$E62) -> 0
E63: WR | I63: =COUNTIFS(I$6:I$55,"WR*") -> 0 | J63: =COUNTIFS(J$6:J$55,"WR*") -> 0 | K63: =COUNTIFS(K$6:K$55,"WR*") -> 0 | L63: =COUNTIFS(L$6:L$55,"WR*") -> 0 | M63: =COUNTIFS(M$6:M$55,"WR*") -> 0 | N63: =COUNTIFS(N$6:N$55,"WR*") -> 0 | O63: =COUNTIFS(O$6:O$55,"WR*") -> 0 | P63: =COUNTIFS(P$6:P$55,"WR*") -> 0 | ... AR63: =COUNTIFS(AR$6:AR$55,"WR*") -> 0
E64: SB | I64: =COUNTIFS(I$6:I$55,"SB") -> 0 | J64: =COUNTIFS(J$6:J$55,"SB") -> 0 | K64: =COUNTIFS(K$6:K$55,"SB") -> 0 | L64: =COUNTIFS(L$6:L$55,"SB") -> 0 | M64: =COUNTIFS(M$6:M$55,"SB") -> 0 | N64: =COUNTIFS(N$6:N$55,"SB") -> 0 | O64: =COUNTIFS(O$6:O$55,"SB") -> 0 | P64: =COUNTIFS(P$6:P$55,"SB") -> 0 | ... AR64: =COUNTIFS(AR$6:AR$55,"SB") -> 0
B66: Legend
B67: REQUEST | D67: Call request
B68: BLOCK | D68: Call block
B69: LEAVE | D69: Leave or valid autoblock
B70: SUBSPEC | D70: Subspec limitation
B71: COURSE | D71: This day is blocked for course (course may be day itself or day of)
B72: RECENTCALL | D72: Blocked due to recent call
B73: WR | D73: Weekend Rounder
B74: SB | D74: Standby
B75: TAG1/2/3 | D75: Tag to MO1/2/3
B78: Call coverage
B79: Call | D79: Assign to Team (if possible) | E79: Coverage
B80: MO1 | D80: A / E | E80: 31/51/65 + 55 (weekdays)
B81: MO2 | D81: B | E81: 46/56/ 85
B82: MO3 | D82: C / D | E82: 41/66 / 44 + 86 (weekdays)
B83: MO4 | D83: D | E83: 62/75/76 + 56
B84: MO5 | D84: ANY | E84: 55 /86 (full day on weekends)
B85: MO 6 | D85: - | E85: CICU
B87: Subspec blocks
B88: Renal no post call tues & thurs (grand rounds), VPC on 1st wed of the month
B89: Allergy no post call Mon/ thurs, Mon grand rounds, Thurs PM clinic
B90: ID no post call thurs(GWR) and fri(PM clinic)
B91: Cardio no post call Tuesday and Friday
B92: Gastro: IBD clinic 2nd Thurs, Liver clinic 4th Thurs
B93: Neuro no post call tues and wed (PM clinics), Fri grand round
B94: Rheum no post call tues, wed, fri
B95: Respi no post call tues and wed; Thurs grand rounds
B96: Ensure that same ward MOs are not all post call on same day
B97: Haem/Onco MO no post call Wednesday; +/- Thurs haem teaching
B98: Endocrine - Mon teaching clinic, Thurs PM clinic (if possible)
... B102: Electives no post call weekdays (PAN), if internal up to 1-2 weekdays

Sheet Month-1
B1: Month-1
B2: Name | C2: =Month!I5-2 -> 46117 | D2: =Month!I5-1 -> 46118 | E2: Total # of calls | F2: Total call points | G2: Total months

Sheet Infopedia
A1: DATE/DAY | C1: MEDICAL OFFICERS
C2: MO1 | D2: MO2 | E2: MO3 | F2: MO4 | G2: MO5 | H2: MO6 | I2: WR1 | J2: WR2 | K2: WR3 | L2: SB
C3: (31/51/65 + 55 Mon - Fri) | D3: (46/56/85) | E3: (41/44/66 + 86 Mon - Fri) | F3: (62/75/76) | G3: (55/86 Sat-Sun) | H3: (CICU) | I3: (Weekend Rounder) | J3: (Weekend Rounder) | K3: (Weekend Rounder) | L3: (Standby)
A4: =Month!I5 -> 46119 | B4: =TEXT(WEEKDAY(A4), "dddd") -> Tuesday | C4: =IFERROR(INDEX(Month!$B$6:$B$55,MATCH(C$2,INDEX(Month!$I$6:$AR$55,0,MATCH($A4,Month!$I$5:$AR$5,0)),0)),"") | D4: =IFERROR(INDEX(Month!$B$6:$B$55,MATCH(D$2,INDEX(Month!$I$6:$AR$55,0,MATCH($A4,Month!$I$5:$AR$5,0)),0)),"") | E4: =IFERROR(INDEX(Month!$B$6:$B$55,MATCH(E$2,INDEX(Month!$I$6:$AR$55,0,MATCH($A4,Month!$I$5:$AR$5,0)),0)),"") | F4: =IFERROR(INDEX(Month!$B$6:$B$55,MATCH(F$2,INDEX(Month!$I$6:$AR$55,0,MATCH($A4,Month!$I$5:$AR$5,0)),0)),"") | G4: =IFERROR(INDEX(Month!$B$6:$B$55,MATCH(G$2,INDEX(Month!$I$6:$AR$55,0,MATCH($A4,Month!$I$5:$AR$5,0)),0)),"") | H4: =IFERROR(INDEX(Month!$B$6:$B$55,MATCH(H$2,INDEX(Month!$I$6:$AR$55,0,MATCH($A4,Month!$I$5:$AR$5,0)),0)),"") | I4: =IFERROR(INDEX(Month!$B$6:$B$55,MATCH(I$2,INDEX(Month!$I$6:$AR$55,0,MATCH($A4,Month!$I$5:$AR$5,0)),0)),"") | J4: =IFERROR(INDEX(Month!$B$6:$B$55,MATCH(J$2,INDEX(Month!$I$6:$AR$55,0,MATCH($A4,Month!$I$5:$AR$5,0)),0)),"") | ... L4: =IFERROR(INDEX(Month!$B$6:$B$55,MATCH(L$2,INDEX(Month!$I$6:$AR$55,0,MATCH($A4,Month!$I$5:$AR$5,0)),0)),"")
A5: =A4+1 -> 46120 | B5: =TEXT(WEEKDAY(A5), "dddd") -> Wednesday | C5: =IFERROR(INDEX(Month!$B$6:$B$55,MATCH(C$2,INDEX(Month!$I$6:$AR$55,0,MATCH($A5,Month!$I$5:$AR$5,0)),0)),"") | D5: =IFERROR(INDEX(Month!$B$6:$B$55,MATCH(D$2,INDEX(Month!$I$6:$AR$55,0,MATCH($A5,Month!$I$5:$AR$5,0)),0)),"") | E5: =IFERROR(INDEX(Month!$B$6:$B$55,MATCH(E$2,INDEX(Month!$I$6:$AR$55,0,MATCH($A5,Month!$I$5:$AR$5,0)),0)),"") | F5: =IFERROR(INDEX(Month!$B$6:$B$55,MATCH(F$2,INDEX(Month!$I$6:$AR$55,0,MATCH($A5,Month!$I$5:$AR$5,0)),0)),"") | G5: =IFERROR(INDEX(Month!$B$6:$B$55,MATCH(G$2,INDEX(Month!$I$6:$AR$55,0,MATCH($A5,Month!$I$5:$AR$5,0)),0)),"") | H5: =IFERROR(INDEX(Month!$B$6:$B$55,MATCH(H$2,INDEX(Month!$I$6:$AR$55,0,MATCH($A5,Month!$I$5:$AR$5,0)),0)),"") | I5: =IFERROR(INDEX(Month!$B$6:$B$55,MATCH(I$2,INDEX(Month!$I$6:$AR$55,0,MATCH($A5,Month!$I$5:$AR$5,0)),0)),"") | J5: =IFERROR(INDEX(Month!$B$6:$B$55,MATCH(J$2,INDEX(Month!$I$6:$AR$55,0,MATCH($A5,Month!$I$5:$AR$5,0)),0)),"") | ... L5: =IFERROR(INDEX(Month!$B$6:$B$55,MATCH(L$2,INDEX(Month!$I$6:$AR$55,0,MATCH($A5,Month!$I$5:$AR$5,0)),0)),"")
A6: =A5+1 -> 46121 | B6: =TEXT(WEEKDAY(A6), "dddd") -> Thursday | C6: =IFERROR(INDEX(Month!$B$6:$B$55,MATCH(C$2,INDEX(Month!$I$6:$AR$55,0,MATCH($A6,Month!$I$5:$AR$5,0)),0)),"") | D6: =IFERROR(INDEX(Month!$B$6:$B$55,MATCH(D$2,INDEX(Month!$I$6:$AR$55,0,MATCH($A6,Month!$I$5:$AR$5,0)),0)),"") | E6: =IFERROR(INDEX(Month!$B$6:$B$55,MATCH(E$2,INDEX(Month!$I$6:$AR$55,0,MATCH($A6,Month!$I$5:$AR$5,0)),0)),"") | F6: =IFERROR(INDEX(Month!$B$6:$B$55,MATCH(F$2,INDEX(Month!$I$6:$AR$55,0,MATCH($A6,Month!$I$5:$AR$5,0)),0)),"") | G6: =IFERROR(INDEX(Month!$B$6:$B$55,MATCH(G$2,INDEX(Month!$I$6:$AR$55,0,MATCH($A6,Month!$I$5:$AR$5,0)),0)),"") | H6: =IFERROR(INDEX(Month!$B$6:$B$55,MATCH(H$2,INDEX(Month!$I$6:$AR$55,0,MATCH($A6,Month!$I$5:$AR$5,0)),0)),"") | I6: =IFERROR(INDEX(Month!$B$6:$B$55,MATCH(I$2,INDEX(Month!$I$6:$AR$55,0,MATCH($A6,Month!$I$5:$AR$5,0)),0)),"") | J6: =IFERROR(INDEX(Month!$B$6:$B$55,MATCH(J$2,INDEX(Month!$I$6:$AR$55,0,MATCH($A6,Month!$I$5:$AR$5,0)),0)),"") | ... L6: =IFERROR(INDEX(Month!$B$6:$B$55,MATCH(L$2,INDEX(Month!$I$6:$AR$55,0,MATCH($A6,Month!$I$5:$AR$5,0)),0)),"")
A7: =A6+1 -> 46122 | B7: =TEXT(WEEKDAY(A7), "dddd") -> Friday | C7: =IFERROR(INDEX(Month!$B$6:$B$55,MATCH(C$2,INDEX(Month!$I$6:$AR$55,0,MATCH($A7,Month!$I$5:$AR$5,0)),0)),"") | D7: =IFERROR(INDEX(Month!$B$6:$B$55,MATCH(D$2,INDEX(Month!$I$6:$AR$55,0,MATCH($A7,Month!$I$5:$AR$5,0)),0)),"") | E7: =IFERROR(INDEX(Month!$B$6:$B$55,MATCH(E$2,INDEX(Month!$I$6:$AR$55,0,MATCH($A7,Month!$I$5:$AR$5,0)),0)),"") | F7: =IFERROR(INDEX(Month!$B$6:$B$55,MATCH(F$2,INDEX(Month!$I$6:$AR$55,0,MATCH($A7,Month!$I$5:$AR$5,0)),0)),"") | G7: =IFERROR(INDEX(Month!$B$6:$B$55,MATCH(G$2,INDEX(Month!$I$6:$AR$55,0,MATCH($A7,Month!$I$5:$AR$5,0)),0)),"") | H7: =IFERROR(INDEX(Month!$B$6:$B$55,MATCH(H$2,INDEX(Month!$I$6:$AR$55,0,MATCH($A7,Month!$I$5:$AR$5,0)),0)),"") | I7: =IFERROR(INDEX(Month!$B$6:$B$55,MATCH(I$2,INDEX(Month!$I$6:$AR$55,0,MATCH($A7,Month!$I$5:$AR$5,0)),0)),"") | J7: =IFERROR(INDEX(Month!$B$6:$B$55,MATCH(J$2,INDEX(Month!$I$6:$AR$55,0,MATCH($A7,Month!$I$5:$AR$5,0)),0)),"") | ... L7: =IFERROR(INDEX(Month!$B$6:$B$55,MATCH(L$2,INDEX(Month!$I$6:$AR$55,0,MATCH($A7,Month!$I$5:$AR$5,0)),0)),"")
A8: =A7+1 -> 46123 | B8: =TEXT(WEEKDAY(A8), "dddd") -> Saturday | C8: =IFERROR(INDEX(Month!$B$6:$B$55,MATCH(C$2,INDEX(Month!$I$6:$AR$55,0,MATCH($A8,Month!$I$5:$AR$5,0)),0)),"") | D8: =IFERROR(INDEX(Month!$B$6:$B$55,MATCH(D$2,INDEX(Month!$I$6:$AR$55,0,MATCH($A8,Month!$I$5:$AR$5,0)),0)),"") | E8: =IFERROR(INDEX(Month!$B$6:$B$55,MATCH(E$2,INDEX(Month!$I$6:$AR$55,0,MATCH($A8,Month!$I$5:$AR$5,0)),0)),"") | F8: =IFERROR(INDEX(Month!$B$6:$B$55,MATCH(F$2,INDEX(Month!$I$6:$AR$55,0,MATCH($A8,Month!$I$5:$AR$5,0)),0)),"") | G8: =IFERROR(INDEX(Month!$B$6:$B$55,MATCH(G$2,INDEX(Month!$I$6:$AR$55,0,MATCH($A8,Month!$I$5:$AR$5,0)),0)),"") | H8: =IFERROR(INDEX(Month!$B$6:$B$55,MATCH(H$2,INDEX(Month!$I$6:$AR$55,0,MATCH($A8,Month!$I$5:$AR$5,0)),0)),"") | I8: =IFERROR(INDEX(Month!$B$6:$B$55,MATCH(I$2,INDEX(Month!$I$6:$AR$55,0,MATCH($A8,Month!$I$5:$AR$5,0)),0)),"") | J8: =IFERROR(INDEX(Month!$B$6:$B$55,MATCH(J$2,INDEX(Month!$I$6:$AR$55,0,MATCH($A8,Month!$I$5:$AR$5,0)),0)),"") | ... L8: =IFERROR(INDEX(Month!$B$6:$B$55,MATCH(L$2,INDEX(Month!$I$6:$AR$55,0,MATCH($A8,Month!$I$5:$AR$5,0)),0)),"")
A9: =A8+1 -> 46124 | B9: =TEXT(WEEKDAY(A9), "dddd") -> Sunday | C9: =IFERROR(INDEX(Month!$B$6:$B$55,MATCH(C$2,INDEX(Month!$I$6:$AR$55,0,MATCH($A9,Month!$I$5:$AR$5,0)),0)),"") | D9: =IFERROR(INDEX(Month!$B$6:$B$55,MATCH(D$2,INDEX(Month!$I$6:$AR$55,0,MATCH($A9,Month!$I$5:$AR$5,0)),0)),"") | E9: =IFERROR(INDEX(Month!$B$6:$B$55,MATCH(E$2,INDEX(Month!$I$6:$AR$55,0,MATCH($A9,Month!$I$5:$AR$5,0)),0)),"") | F9: =IFERROR(INDEX(Month!$B$6:$B$55,MATCH(F$2,INDEX(Month!$I$6:$AR$55,0,MATCH($A9,Month!$I$5:$AR$5,0)),0)),"") | G9: =IFERROR(INDEX(Month!$B$6:$B$55,MATCH(G$2,INDEX(Month!$I$6:$AR$55,0,MATCH($A9,Month!$I$5:$AR$5,0)),0)),"") | H9: =IFERROR(INDEX(Month!$B$6:$B$55,MATCH(H$2,INDEX(Month!$I$6:$AR$55,0,MATCH($A9,Month!$I$5:$AR$5,0)),0)),"") | I9: =IFERROR(INDEX(Month!$B$6:$B$55,MATCH(I$2,INDEX(Month!$I$6:$AR$55,0,MATCH($A9,Month!$I$5:$AR$5,0)),0)),"") | J9: =IFERROR(INDEX(Month!$B$6:$B$55,MATCH(J$2,INDEX(Month!$I$6:$AR$55,0,MATCH($A9,Month!$I$5:$AR$5,0)),0)),"") | ... L9: =IFERROR(INDEX(Month!$B$6:$B$55,MATCH(L$2,INDEX(Month!$I$6:$AR$55,0,MATCH($A9,Month!$I$5:$AR$5,0)),0)),"")
A10: =A9+1 -> 46125 | B10: =TEXT(WEEKDAY(A10), "dddd") -> Monday | C10: =IFERROR(INDEX(Month!$B$6:$B$55,MATCH(C$2,INDEX(Month!$I$6:$AR$55,0,MATCH($A10,Month!$I$5:$AR$5,0)),0)),"") | D10: =IFERROR(INDEX(Month!$B$6:$B$55,MATCH(D$2,INDEX(Month!$I$6:$AR$55,0,MATCH($A10,Month!$I$5:$AR$5,0)),0)),"") | E10: =IFERROR(INDEX(Month!$B$6:$B$55,MATCH(E$2,INDEX(Month!$I$6:$AR$55,0,MATCH($A10,Month!$I$5:$AR$5,0)),0)),"") | F10: =IFERROR(INDEX(Month!$B$6:$B$55,MATCH(F$2,INDEX(Month!$I$6:$AR$55,0,MATCH($A10,Month!$I$5:$AR$5,0)),0)),"") | G10: =IFERROR(INDEX(Month!$B$6:$B$55,MATCH(G$2,INDEX(Month!$I$6:$AR$55,0,MATCH($A10,Month!$I$5:$AR$5,0)),0)),"") | H10: =IFERROR(INDEX(Month!$B$6:$B$55,MATCH(H$2,INDEX(Month!$I$6:$AR$55,0,MATCH($A10,Month!$I$5:$AR$5,0)),0)),"") | I10: =IFERROR(INDEX(Month!$B$6:$B$55,MATCH(I$2,INDEX(Month!$I$6:$AR$55,0,MATCH($A10,Month!$I$5:$AR$5,0)),0)),"") | J10: =IFERROR(INDEX(Month!$B$6:$B$55,MATCH(J$2,INDEX(Month!$I$6:$AR$55,0,MATCH($A10,Month!$I$5:$AR$5,0)),0)),"") | ... L10: =IFERROR(INDEX(Month!$B$6:$B$55,MATCH(L$2,INDEX(Month!$I$6:$AR$55,0,MATCH($A10,Month!$I$5:$AR$5,0)),0)),"")
A11: =A10+1 -> 46126 | B11: =TEXT(WEEKDAY(A11), "dddd") -> Tuesday | C11: =IFERROR(INDEX(Month!$B$6:$B$55,MATCH(C$2,INDEX(Month!$I$6:$AR$55,0,MATCH($A11,Month!$I$5:$AR$5,0)),0)),"") | D11: =IFERROR(INDEX(Month!$B$6:$B$55,MATCH(D$2,INDEX(Month!$I$6:$AR$55,0,MATCH($A11,Month!$I$5:$AR$5,0)),0)),"") | E11: =IFERROR(INDEX(Month!$B$6:$B$55,MATCH(E$2,INDEX(Month!$I$6:$AR$55,0,MATCH($A11,Month!$I$5:$AR$5,0)),0)),"") | F11: =IFERROR(INDEX(Month!$B$6:$B$55,MATCH(F$2,INDEX(Month!$I$6:$AR$55,0,MATCH($A11,Month!$I$5:$AR$5,0)),0)),"") | G11: =IFERROR(INDEX(Month!$B$6:$B$55,MATCH(G$2,INDEX(Month!$I$6:$AR$55,0,MATCH($A11,Month!$I$5:$AR$5,0)),0)),"") | H11: =IFERROR(INDEX(Month!$B$6:$B$55,MATCH(H$2,INDEX(Month!$I$6:$AR$55,0,MATCH($A11,Month!$I$5:$AR$5,0)),0)),"") | I11: =IFERROR(INDEX(Month!$B$6:$B$55,MATCH(I$2,INDEX(Month!$I$6:$AR$55,0,MATCH($A11,Month!$I$5:$AR$5,0)),0)),"") | J11: =IFERROR(INDEX(Month!$B$6:$B$55,MATCH(J$2,INDEX(Month!$I$6:$AR$55,0,MATCH($A11,Month!$I$5:$AR$5,0)),0)),"") | ... L11: =IFERROR(INDEX(Month!$B$6:$B$55,MATCH(L$2,INDEX(Month!$I$6:$AR$55,0,MATCH($A11,Month!$I$5:$AR$5,0)),0)),"")
A12: =A11+1 -> 46127 | B12: =TEXT(WEEKDAY(A12), "dddd") -> Wednesday | C12: =IFERROR(INDEX(Month!$B$6:$B$55,MATCH(C$2,INDEX(Month!$I$6:$AR$55,0,MATCH($A12,Month!$I$5:$AR$5,0)),0)),"") | D12: =IFERROR(INDEX(Month!$B$6:$B$55,MATCH(D$2,INDEX(Month!$I$6:$AR$55,0,MATCH($A12,Month!$I$5:$AR$5,0)),0)),"") | E12: =IFERROR(INDEX(Month!$B$6:$B$55,MATCH(E$2,INDEX(Month!$I$6:$AR$55,0,MATCH($A12,Month!$I$5:$AR$5,0)),0)),"") | F12: =IFERROR(INDEX(Month!$B$6:$B$55,MATCH(F$2,INDEX(Month!$I$6:$AR$55,0,MATCH($A12,Month!$I$5:$AR$5,0)),0)),"") | G12: =IFERROR(INDEX(Month!$B$6:$B$55,MATCH(G$2,INDEX(Month!$I$6:$AR$55,0,MATCH($A12,Month!$I$5:$AR$5,0)),0)),"") | H12: =IFERROR(INDEX(Month!$B$6:$B$55,MATCH(H$2,INDEX(Month!$I$6:$AR$55,0,MATCH($A12,Month!$I$5:$AR$5,0)),0)),"") | I12: =IFERROR(INDEX(Month!$B$6:$B$55,MATCH(I$2,INDEX(Month!$I$6:$AR$55,0,MATCH($A12,Month!$I$5:$AR$5,0)),0)),"") | J12: =IFERROR(INDEX(Month!$B$6:$B$55,MATCH(J$2,INDEX(Month!$I$6:$AR$55,0,MATCH($A12,Month!$I$5:$AR$5,0)),0)),"") | ... L12: =IFERROR(INDEX(Month!$B$6:$B$55,MATCH(L$2,INDEX(Month!$I$6:$AR$55,0,MATCH($A12,Month!$I$5:$AR$5,0)),0)),"")
A13: =A12+1 -> 46128 | B13: =TEXT(WEEKDAY(A13), "dddd") -> Thursday | C13: =IFERROR(INDEX(Month!$B$6:$B$55,MATCH(C$2,INDEX(Month!$I$6:$AR$55,0,MATCH($A13,Month!$I$5:$AR$5,0)),0)),"") | D13: =IFERROR(INDEX(Month!$B$6:$B$55,MATCH(D$2,INDEX(Month!$I$6:$AR$55,0,MATCH($A13,Month!$I$5:$AR$5,0)),0)),"") | E13: =IFERROR(INDEX(Month!$B$6:$B$55,MATCH(E$2,INDEX(Month!$I$6:$AR$55,0,MATCH($A13,Month!$I$5:$AR$5,0)),0)),"") | F13: =IFERROR(INDEX(Month!$B$6:$B$55,MATCH(F$2,INDEX(Month!$I$6:$AR$55,0,MATCH($A13,Month!$I$5:$AR$5,0)),0)),"") | G13: =IFERROR(INDEX(Month!$B$6:$B$55,MATCH(G$2,INDEX(Month!$I$6:$AR$55,0,MATCH($A13,Month!$I$5:$AR$5,0)),0)),"") | H13: =IFERROR(INDEX(Month!$B$6:$B$55,MATCH(H$2,INDEX(Month!$I$6:$AR$55,0,MATCH($A13,Month!$I$5:$AR$5,0)),0)),"") | I13: =IFERROR(INDEX(Month!$B$6:$B$55,MATCH(I$2,INDEX(Month!$I$6:$AR$55,0,MATCH($A13,Month!$I$5:$AR$5,0)),0)),"") | J13: =IFERROR(INDEX(Month!$B$6:$B$55,MATCH(J$2,INDEX(Month!$I$6:$AR$55,0,MATCH($A13,Month!$I$5:$AR$5,0)),0)),"") | ... L13: =IFERROR(INDEX(Month!$B$6:$B$55,MATCH(L$2,INDEX(Month!$I$6:$AR$55,0,MATCH($A13,Month!$I$5:$AR$5,0)),0)),"")
A14: =A13+1 -> 46129 | B14: =TEXT(WEEKDAY(A14), "dddd") -> Friday | C14: =IFERROR(INDEX(Month!$B$6:$B$55,MATCH(C$2,INDEX(Month!$I$6:$AR$55,0,MATCH($A14,Month!$I$5:$AR$5,0)),0)),"") | D14: =IFERROR(INDEX(Month!$B$6:$B$55,MATCH(D$2,INDEX(Month!$I$6:$AR$55,0,MATCH($A14,Month!$I$5:$AR$5,0)),0)),"") | E14: =IFERROR(INDEX(Month!$B$6:$B$55,MATCH(E$2,INDEX(Month!$I$6:$AR$55,0,MATCH($A14,Month!$I$5:$AR$5,0)),0)),"") | F14: =IFERROR(INDEX(Month!$B$6:$B$55,MATCH(F$2,INDEX(Month!$I$6:$AR$55,0,MATCH($A14,Month!$I$5:$AR$5,0)),0)),"") | G14: =IFERROR(INDEX(Month!$B$6:$B$55,MATCH(G$2,INDEX(Month!$I$6:$AR$55,0,MATCH($A14,Month!$I$5:$AR$5,0)),0)),"") | H14: =IFERROR(INDEX(Month!$B$6:$B$55,MATCH(H$2,INDEX(Month!$I$6:$AR$55,0,MATCH($A14,Month!$I$5:$AR$5,0)),0)),"") | I14: =IFERROR(INDEX(Month!$B$6:$B$55,MATCH(I$2,INDEX(Month!$I$6:$AR$55,0,MATCH($A14,Month!$I$5:$AR$5,0)),0)),"") | J14: =IFERROR(INDEX(Month!$B$6:$B$55,MATCH(J$2,INDEX(Month!$I$6:$AR$55,0,MATCH($A14,Month!$I$5:$AR$5,0)),0)),"") | ... L14: =IFERROR(INDEX(Month!$B$6:$B$55,MATCH(L$2,INDEX(Month!$I$6:$AR$55,0,MATCH($A14,Month!$I$5:$AR$5,0)),0)),"")
A15: =A14+1 -> 46130 | B15: =TEXT(WEEKDAY(A15), "dddd") -> Saturday | C15: =IFERROR(INDEX(Month!$B$6:$B$55,MATCH(C$2,INDEX(Month!$I$6:$AR$55,0,MATCH($A15,Month!$I$5:$AR$5,0)),0)),"") | D15: =IFERROR(INDEX(Month!$B$6:$B$55,MATCH(D$2,INDEX(Month!$I$6:$AR$55,0,MATCH($A15,Month!$I$5:$AR$5,0)),0)),"") | E15: =IFERROR(INDEX(Month!$B$6:$B$55,MATCH(E$2,INDEX(Month!$I$6:$AR$55,0,MATCH($A15,Month!$I$5:$AR$5,0)),0)),"") | F15: =IFERROR(INDEX(Month!$B$6:$B$55,MATCH(F$2,INDEX(Month!$I$6:$AR$55,0,MATCH($A15,Month!$I$5:$AR$5,0)),0)),"") | G15: =IFERROR(INDEX(Month!$B$6:$B$55,MATCH(G$2,INDEX(Month!$I$6:$AR$55,0,MATCH($A15,Month!$I$5:$AR$5,0)),0)),"") | H15: =IFERROR(INDEX(Month!$B$6:$B$55,MATCH(H$2,INDEX(Month!$I$6:$AR$55,0,MATCH($A15,Month!$I$5:$AR$5,0)),0)),"") | I15: =IFERROR(INDEX(Month!$B$6:$B$55,MATCH(I$2,INDEX(Month!$I$6:$AR$55,0,MATCH($A15,Month!$I$5:$AR$5,0)),0)),"") | J15: =IFERROR(INDEX(Month!$B$6:$B$55,MATCH(J$2,INDEX(Month!$I$6:$AR$55,0,MATCH($A15,Month!$I$5:$AR$5,0)),0)),"") | ... L15: =IFERROR(INDEX(Month!$B$6:$B$55,MATCH(L$2,INDEX(Month!$I$6:$AR$55,0,MATCH($A15,Month!$I$5:$AR$5,0)),0)),"")
A16: =A15+1 -> 46131 | B16: =TEXT(WEEKDAY(A16), "dddd") -> Sunday | C16: =IFERROR(INDEX(Month!$B$6:$B$55,MATCH(C$2,INDEX(Month!$I$6:$AR$55,0,MATCH($A16,Month!$I$5:$AR$5,0)),0)),"") | D16: =IFERROR(INDEX(Month!$B$6:$B$55,MATCH(D$2,INDEX(Month!$I$6:$AR$55,0,MATCH($A16,Month!$I$5:$AR$5,0)),0)),"") | E16: =IFERROR(INDEX(Month!$B$6:$B$55,MATCH(E$2,INDEX(Month!$I$6:$AR$55,0,MATCH($A16,Month!$I$5:$AR$5,0)),0)),"") | F16: =IFERROR(INDEX(Month!$B$6:$B$55,MATCH(F$2,INDEX(Month!$I$6:$AR$55,0,MATCH($A16,Month!$I$5:$AR$5,0)),0)),"") | G16: =IFERROR(INDEX(Month!$B$6:$B$55,MATCH(G$2,INDEX(Month!$I$6:$AR$55,0,MATCH($A16,Month!$I$5:$AR$5,0)),0)),"") | H16: =IFERROR(INDEX(Month!$B$6:$B$55,MATCH(H$2,INDEX(Month!$I$6:$AR$55,0,MATCH($A16,Month!$I$5:$AR$5,0)),0)),"") | I16: =IFERROR(INDEX(Month!$B$6:$B$55,MATCH(I$2,INDEX(Month!$I$6:$AR$55,0,MATCH($A16,Month!$I$5:$AR$5,0)),0)),"") | J16: =IFERROR(INDEX(Month!$B$6:$B$55,MATCH(J$2,INDEX(Month!$I$6:$AR$55,0,MATCH($A16,Month!$I$5:$AR$5,0)),0)),"") | ... L16: =IFERROR(INDEX(Month!$B$6:$B$55,MATCH(L$2,INDEX(Month!$I$6:$AR$55,0,MATCH($A16,Month!$I$5:$AR$5,0)),0)),"")
... A43: =A42+1 -> 46158 | B43: =TEXT(WEEKDAY(A43), "dddd") -> Saturday | C43: =IFERROR(INDEX(Month!$B$6:$B$55,MATCH(C$2,INDEX(Month!$I$6:$AR$55,0,MATCH($A43,Month!$I$5:$AR$5,0)),0)),"") | D43: =IFERROR(INDEX(Month!$B$6:$B$55,MATCH(D$2,INDEX(Month!$I$6:$AR$55,0,MATCH($A43,Month!$I$5:$AR$5,0)),0)),"") | E43: =IFERROR(INDEX(Month!$B$6:$B$55,MATCH(E$2,INDEX(Month!$I$6:$AR$55,0,MATCH($A43,Month!$I$5:$AR$5,0)),0)),"") | F43: =IFERROR(INDEX(Month!$B$6:$B$55,MATCH(F$2,INDEX(Month!$I$6:$AR$55,0,MATCH($A43,Month!$I$5:$AR$5,0)),0)),"") | G43: =IFERROR(INDEX(Month!$B$6:$B$55,MATCH(G$2,INDEX(Month!$I$6:$AR$55,0,MATCH($A43,Month!$I$5:$AR$5,0)),0)),"") | H43: =IFERROR(INDEX(Month!$B$6:$B$55,MATCH(H$2,INDEX(Month!$I$6:$AR$55,0,MATCH($A43,Month!$I$5:$AR$5,0)),0)),"") | I43: =IFERROR(INDEX(Month!$B$6:$B$55,MATCH(I$2,INDEX(Month!$I$6:$AR$55,0,MATCH($A43,Month!$I$5:$AR$5,0)),0)),"") | J43: =IFERROR(INDEX(Month!$B$6:$B$55,MATCH(J$2,INDEX(Month!$I$6:$AR$55,0,MATCH($A43,Month!$I$5:$AR$5,0)),0)),"") | ... L43: =IFERROR(INDEX(Month!$B$6:$B$55,MATCH(L$2,INDEX(Month!$I$6:$AR$55,0,MATCH($A43,Month!$I$5:$AR$5,0)),0)),"")

Sheet Jan 26
D2: 1 | E2: =D2+1 -> 2 | F2: =E2+1 -> 3 | G2: =F2+1 -> 4 | H2: =G2+1 -> 5 | I2: =H2+1 -> 6 | J2: =I2+1 -> 7 | K2: =J2+1 -> 8 | L2: =K2+1 -> 9 | ... BC2: =BB2+1 -> 52
D3: 46023 | E3: PH? | F3: N | G3: N | H3: N | I3: N | J3: N | K3: N | L3: N | M3: N | N3: N | O3: N | P3: N | Q3: N | R3: N | S3: N | T3: N | U3: N | V3: N | W3: N | X3: N | Y3: N | Z3: N | AA3: N | AB3: N | AC3: N | AD3: N | AE3: N | AF3: N | AG3: N | AH3: N | AJ3: Imported
F4: Last cycle | H4: New cycle | AJ4: Last cycle | AN4: This cycle
B5: 1 | F5: 46027 | G5: =F5+1 -> 46028 | H5: =G5+1 -> 46029 | I5: =H5+1 -> 46030 | J5: =I5+1 -> 46031 | K5: =J5+1 -> 46032 | L5: =K5+1 -> 46033 | M5: =L5+1 -> 46034 | N5: =M5+1 -> 46035 | ... AH5: =AG5+1 -> 46055 | AJ5: Culmulative | AN5: Calls | AT5: Calculated | AY5: Culmulative
B6: =B5+1 -> 2 | F6: =WEEKDAY(F5,2) -> 1 | G6: =WEEKDAY(G5,2) -> 2 | H6: =WEEKDAY(H5,2) -> 3 | I6: =WEEKDAY(I5,2) -> 4 | J6: =WEEKDAY(J5,2) -> 5 | K6: =WEEKDAY(K5,2) -> 6 | L6: =WEEKDAY(L5,2) -> 7 | M6: =WEEKDAY(M5,2) -> 1 | ... AC6: =WEEKDAY(AC5,2) -> 3 | AD6: 4 | AE6: 5 | AF6: =WEEKDAY(AF5,2) -> 6 | AG6: =WEEKDAY(AG5,2) -> 7 | AH6: =WEEKDAY(AH5,2) -> 1
B7: =B6+1 -> 3 | C7: S/N | D7: Name | E7: Ward | F7: =VLOOKUP(WEEKDAY(F5,2),Index!$B$2:$C$8,2,0) -> Monday | G7: =VLOOKUP(WEEKDAY(G5,2),Index!$B$2:$C$8,2,0) -> Tuesday | H7: =VLOOKUP(WEEKDAY(H5,2),Index!$B$2:$C$8,2,0) -> Wednesday | I7: =VLOOKUP(WEEKDAY(I5,2),Index!$B$2:$C$8,2,0) -> Thursday | J7: =VLOOKUP(WEEKDAY(J5,2),Index!$B$2:$C$8,2,0) -> Friday | K7: =VLOOKUP(WEEKDAY(K5,2),Index!$B$2:$C$8,2,0) -> Saturday | L7: =VLOOKUP(WEEKDAY(L5,2),Index!$B$2:$C$8,2,0) -> Sunday | M7: =VLOOKUP(WEEKDAY(M5,2),Index!$B$2:$C$8,2,0) -> Monday | ... AH7: =VLOOKUP(WEEKDAY(AH5,2),Index!$B$2:$C$8,2,0) -> Monday | AJ7: # of calls | AK7: Call points | AL7: Weekends off | AM7: Weekend rounds | AN7: Weekday | AO7: Friday/Pre-PH | AP7: Satuday/PH | AQ7: Sunday | AR7: HO6 | AS7: SB | AT7: # of calls | AU7: Call points | AV7: Weekends off | AW7: Weekend rounds | AX7: Average points per call | AY7: # of calls | AZ7: Call points | BA7: Weekends off | BB7: Weekend rounds | BC7: Average points per call
B8: =B7+1 -> 4 | C8: 1 | D8: Ashley Chen | E8: 31 | F8: =IFERROR(IF(VLOOKUP($D8,'Dec 25'!$D$8:$AQ$43,39,0)=0,"",VLOOKUP($D8,'Dec 25'!$D$8:$AQ$43,39,0)),"") | G8: =IFERROR(IF(VLOOKUP($D8,'Dec 25'!$D$8:$AQ$43,40,0)=0,"",VLOOKUP($D8,'Dec 25'!$D$8:$AQ$43,40,0)),"") | N8: SB | R8: HO1 | Y8: WR1 | AA8: HO1 | AE8: HO1 | AJ8: =IFERROR(VLOOKUP($D8,'Dec 25'!$D$8:$BL$43,57,0),0) -> 0 | AK8: =IFERROR(VLOOKUP($D8,'Dec 25'!$D$8:$BL$43,58,0),0) -> 0 | AL8: =IFERROR(VLOOKUP($D8,'Dec 25'!$D$8:$BL$43,59,0),0) -> 0 | AM8: =IFERROR(VLOOKUP($D8,'Dec 25'!$D$8:$BL$43,60,0),0) -> 0 | AN8: =COUNTIFS(H8:AH8,"HO*",$H$6:$AH$6,"<5") -> 1 | AO8: =COUNTIFS(H8:AH8,"HO*",$H$6:$AH$6,"5") -> 1 | AP8: =COUNTIFS(H8:AH8,"HO*",$H$6:$AH$6,"6")-COUNTIFS(H8:AH8,"HO6",$H$6:$AH$6,"6") -> 1 | AQ8: =COUNTIFS(H8:AH8,"HO*",$H$6:$AH$6,"7")-COUNTIFS(H8:AH8,"HO6",$H$6:$AH$6,"7") -> 0 | AR8: =COUNTIF(H8:AH8,"HO6") -> 0 | AS8: =COUNTIF(H8:AH8,"SB") -> 1 | AT8: =SUM(AN8:AQ8)+AR8*0.5 -> 3 | AU8: =AN8*1+AO8*1.5+AP8*2.5+AQ8*2+AR8*0.5 -> 5 | AV8: =COUNTIFS(H8:AH8,"",$H$6:$AH$6,">5")+COUNTIFS(H8:AH8,"X",$H$6:$AH$6,">5") -> 6 | AW8: =COUNTIF(H8:AH8,"WR*") -> 1 | AX8: =AU8/AT8 -> 1.6666667 | AY8: =AT8+AJ8 -> 3 | AZ8: =AU8+AK8 -> 5 | BA8: =AV8+AL8 -> 6 | BB8: =AW8+AM8 -> 1 | BC8: =AZ8/AY8 -> 1.6666667
B9: =B8+1 -> 5 | C9: =C8+1 -> 2 | D9: Lavanya Rawat | E9: 31 | F9: =IFERROR(IF(VLOOKUP($D9,'Dec 25'!$D$8:$AQ$43,39,0)=0,"",VLOOKUP($D9,'Dec 25'!$D$8:$AQ$43,39,0)),"") | G9: =IFERROR(IF(VLOOKUP($D9,'Dec 25'!$D$8:$AQ$43,40,0)=0,"",VLOOKUP($D9,'Dec 25'!$D$8:$AQ$43,40,0)),"") | L9: WR1 | S9: HO1 | Y9: SB | AC9: HO1 | AG9: HO1 | AJ9: =IFERROR(VLOOKUP($D9,'Dec 25'!$D$8:$BL$43,57,0),0) -> 0 | AK9: =IFERROR(VLOOKUP($D9,'Dec 25'!$D$8:$BL$43,58,0),0) -> 0 | AL9: =IFERROR(VLOOKUP($D9,'Dec 25'!$D$8:$BL$43,59,0),0) -> 0 | AM9: =IFERROR(VLOOKUP($D9,'Dec 25'!$D$8:$BL$43,60,0),0) -> 0 | AN9: =COUNTIFS(H9:AH9,"HO*",$H$6:$AH$6,"<5") -> 1 | AO9: =COUNTIFS(H9:AH9,"HO*",$H$6:$AH$6,"5") -> 0 | AP9: =COUNTIFS(H9:AH9,"HO*",$H$6:$AH$6,"6")-COUNTIFS(H9:AH9,"HO6",$H$6:$AH$6,"6") -> 0 | AQ9: =COUNTIFS(H9:AH9,"HO*",$H$6:$AH$6,"7")-COUNTIFS(H9:AH9,"HO6",$H$6:$AH$6,"7") -> 2 | AR9: =COUNTIF(H9:AH9,"HO6") -> 0 | AS9: =COUNTIF(H9:AH9,"SB") -> 1 | AT9: =SUM(AN9:AQ9)+AR9*0.5 -> 3 | AU9: =AN9*1+AO9*1.5+AP9*2.5+AQ9*2+AR9*0.5 -> 5 | AV9: =COUNTIFS(H9:AH9,"",$H$6:$AH$6,">5")+COUNTIFS(H9:AH9,"X",$H$6:$AH$6,">5") -> 4 | AW9: =COUNTIF(H9:AH9,"WR*") -> 1 | AX9: =AU9/AT9 -> 1.6666667 | AY9: =AT9+AJ9 -> 3 | AZ9: =AU9+AK9 -> 5 | BA9: =AV9+AL9 -> 4 | BB9: =AW9+AM9 -> 1 | BC9: =AZ9/AY9 -> 1.6666667
B10: =B9+1 -> 6 | C10: =C9+1 -> 3 | D10: Shaiful Aslam | E10: 31 | F10: =IFERROR(IF(VLOOKUP($D10,'Dec 25'!$D$8:$AQ$43,39,0)=0,"",VLOOKUP($D10,'Dec 25'!$D$8:$AQ$43,39,0)),"") | G10: =IFERROR(IF(VLOOKUP($D10,'Dec 25'!$D$8:$AQ$43,40,0)=0,"",VLOOKUP($D10,'Dec 25'!$D$8:$AQ$43,40,0)),"") | K10: HO1 | W10: SB | Z10: WR1 | AB10: HO1 | AE10: HO2 | AG10: PRE-LEAVE | AH10: LEAVE | AJ10: =IFERROR(VLOOKUP($D10,'Dec 25'!$D$8:$BL$43,57,0),0) -> 0 | AK10: =IFERROR(VLOOKUP($D10,'Dec 25'!$D$8:$BL$43,58,0),0) -> 0 | AL10: =IFERROR(VLOOKUP($D10,'Dec 25'!$D$8:$BL$43,59,0),0) -> 0 | AM10: =IFERROR(VLOOKUP($D10,'Dec 25'!$D$8:$BL$43,60,0),0) -> 0 | AN10: =COUNTIFS(H10:AH10,"HO*",$H$6:$AH$6,"<5") -> 1 | AO10: =COUNTIFS(H10:AH10,"HO*",$H$6:$AH$6,"5") -> 1 | AP10: =COUNTIFS(H10:AH10,"HO*",$H$6:$AH$6,"6")-COUNTIFS(H10:AH10,"HO6",$H$6:$AH$6,"6") -> 1 | AQ10: =COUNTIFS(H10:AH10,"HO*",$H$6:$AH$6,"7")-COUNTIFS(H10:AH10,"HO6",$H$6:$AH$6,"7") -> 0 | AR10: =COUNTIF(H10:AH10,"HO6") -> 0 | AS10: =COUNTIF(H10:AH10,"SB") -> 1 | AT10: =SUM(AN10:AQ10)+AR10*0.5 -> 3 | AU10: =AN10*1+AO10*1.5+AP10*2.5+AQ10*2+AR10*0.5 -> 5 | AV10: =COUNTIFS(H10:AH10,"",$H$6:$AH$6,">5")+COUNTIFS(H10:AH10,"X",$H$6:$AH$6,">5") -> 5 | AW10: =COUNTIF(H10:AH10,"WR*") -> 1 | AX10: =AU10/AT10 -> 1.6666667 | AY10: =AT10+AJ10 -> 3 | AZ10: =AU10+AK10 -> 5 | BA10: =AV10+AL10 -> 5 | BB10: =AW10+AM10 -> 1 | BC10: =AZ10/AY10 -> 1.6666667
B11: =B10+1 -> 7 | C11: =C10+1 -> 4 | D11: Lee Yixuan | E11: 55 | F11: =IFERROR(IF(VLOOKUP($D11,'Dec 25'!$D$8:$AQ$43,39,0)=0,"",VLOOKUP($D11,'Dec 25'!$D$8:$AQ$43,39,0)),"") | G11: =IFERROR(IF(VLOOKUP($D11,'Dec 25'!$D$8:$AQ$43,40,0)=0,"",VLOOKUP($D11,'Dec 25'!$D$8:$AQ$43,40,0)),"") -> HO4 | H11: PRE-LEAVE | I11: LEAVE | J11: HO5 | Q11: SB | T11: HO5 | U11: PRE-LEAVE | V11: LEAVE | Z11: HO5 | AH11: HO3 | AJ11: =IFERROR(VLOOKUP($D11,'Dec 25'!$D$8:$BL$43,57,0),0) -> 9.5 | AK11: =IFERROR(VLOOKUP($D11,'Dec 25'!$D$8:$BL$43,58,0),0) -> 14 | AL11: =IFERROR(VLOOKUP($D11,'Dec 25'!$D$8:$BL$43,59,0),0) -> 19 | AM11: =IFERROR(VLOOKUP($D11,'Dec 25'!$D$8:$BL$43,60,0),0) -> 3 | AN11: =COUNTIFS(H11:AH11,"HO*",$H$6:$AH$6,"<5") -> 2 | AO11: =COUNTIFS(H11:AH11,"HO*",$H$6:$AH$6,"5") -> 1 | AP11: =COUNTIFS(H11:AH11,"HO*",$H$6:$AH$6,"6")-COUNTIFS(H11:AH11,"HO6",$H$6:$AH$6,"6") -> 0 | AQ11: =COUNTIFS(H11:AH11,"HO*",$H$6:$AH$6,"7")-COUNTIFS(H11:AH11,"HO6",$H$6:$AH$6,"7") -> 1 | AR11: =COUNTIF(H11:AH11,"HO6") -> 0 | AS11: =COUNTIF(H11:AH11,"SB") -> 1 | AT11: =SUM(AN11:AQ11)+AR11*0.5 -> 4 | AU11: =AN11*1+AO11*1.5+AP11*2.5+AQ11*2+AR11*0.5 -> 5.5 | AV11: =COUNTIFS(H11:AH11,"",$H$6:$AH$6,">5")+COUNTIFS(H11:AH11,"X",$H$6:$AH$6,">5") -> 7 | AW11: =COUNTIF(H11:AH11,"WR*") -> 0 | AX11: =AU11/AT11 -> 1.375 | AY11: =AT11+AJ11 -> 13.5 | AZ11: =AU11+AK11 -> 19.5 | BA11: =AV11+AL11 -> 26 | BB11: =AW11+AM11 -> 3 | BC11: =AZ11/AY11 -> 1.4444444
B12: =B11+1 -> 8 | C12: =C11+1 -> 5 | D12: Fong Yi Hern | E12: 55 | F12: =IFERROR(IF(VLOOKUP($D12,'Dec 25'!$D$8:$AQ$43,39,0)=0,"",VLOOKUP($D12,'Dec 25'!$D$8:$AQ$43,39,0)),"") | G12: =IFERROR(IF(VLOOKUP($D12,'Dec 25'!$D$8:$AQ$43,40,0)=0,"",VLOOKUP($D12,'Dec 25'!$D$8:$AQ$43,40,0)),"") | L12: WR2 | M12: HO5 | S12: HO6 | Y12: HO5 | AE12: SB | AH12: HO1 | AJ12: =IFERROR(VLOOKUP($D12,'Dec 25'!$D$8:$BL$43,57,0),0) -> 0 | AK12: =IFERROR(VLOOKUP($D12,'Dec 25'!$D$8:$BL$43,58,0),0) -> 0 | AL12: =IFERROR(VLOOKUP($D12,'Dec 25'!$D$8:$BL$43,59,0),0) -> 0 | AM12: =IFERROR(VLOOKUP($D12,'Dec 25'!$D$8:$BL$43,60,0),0) -> 0 | AN12: =COUNTIFS(H12:AH12,"HO*",$H$6:$AH$6,"<5") -> 2 | AO12: =COUNTIFS(H12:AH12,"HO*",$H$6:$AH$6,"5") -> 0 | AP12: =COUNTIFS(H12:AH12,"HO*",$H$6:$AH$6,"6")-COUNTIFS(H12:AH12,"HO6",$H$6:$AH$6,"6") -> 1 | AQ12: =COUNTIFS(H12:AH12,"HO*",$H$6:$AH$6,"7")-COUNTIFS(H12:AH12,"HO6",$H$6:$AH$6,"7") -> 0 | AR12: =COUNTIF(H12:AH12,"HO6") -> 1 | AS12: =COUNTIF(H12:AH12,"SB") -> 1 | AT12: =SUM(AN12:AQ12)+AR12*0.5 -> 3.5 | AU12: =AN12*1+AO12*1.5+AP12*2.5+AQ12*2+AR12*0.5 -> 5 | AV12: =COUNTIFS(H12:AH12,"",$H$6:$AH$6,">5")+COUNTIFS(H12:AH12,"X",$H$6:$AH$6,">5") -> 5 | AW12: =COUNTIF(H12:AH12,"WR*") -> 1 | AX12: =AU12/AT12 -> 1.4285714 | AY12: =AT12+AJ12 -> 3.5 | AZ12: =AU12+AK12 -> 5 | BA12: =AV12+AL12 -> 5 | BB12: =AW12+AM12 -> 1 | BC12: =AZ12/AY12 -> 1.4285714
B13: =B12+1 -> 9 | C13: =C12+1 -> 6 | D13: Ewe Zi Feng | E13: 51 | F13: =IFERROR(IF(VLOOKUP($D13,'Dec 25'!$D$8:$AQ$43,39,0)=0,"",VLOOKUP($D13,'Dec 25'!$D$8:$AQ$43,39,0)),"") | G13: =IFERROR(IF(VLOOKUP($D13,'Dec 25'!$D$8:$AQ$43,40,0)=0,"",VLOOKUP($D13,'Dec 25'!$D$8:$AQ$43,40,0)),"") | L13: HO1 | S13: WR1 | U13: HO1 | X13: HO1 | AD13: HO4 | AG13: SB | AJ13: =IFERROR(VLOOKUP($D13,'Dec 25'!$D$8:$BL$43,57,0),0) -> 0 | AK13: =IFERROR(VLOOKUP($D13,'Dec 25'!$D$8:$BL$43,58,0),0) -> 0 | AL13: =IFERROR(VLOOKUP($D13,'Dec 25'!$D$8:$BL$43,59,0),0) -> 0 | AM13: =IFERROR(VLOOKUP($D13,'Dec 25'!$D$8:$BL$43,60,0),0) -> 0 | AN13: =COUNTIFS(H13:AH13,"HO*",$H$6:$AH$6,"<5") -> 2 | AO13: =COUNTIFS(H13:AH13,"HO*",$H$6:$AH$6,"5") -> 1 | AP13: =COUNTIFS(H13:AH13,"HO*",$H$6:$AH$6,"6")-COUNTIFS(H13:AH13,"HO6",$H$6:$AH$6,"6") -> 0 | AQ13: =COUNTIFS(H13:AH13,"HO*",$H$6:$AH$6,"7")-COUNTIFS(H13:AH13,"HO6",$H$6:$AH$6,"7") -> 1 | AR13: =COUNTIF(H13:AH13,"HO6") -> 0 | AS13: =COUNTIF(H13:AH13,"SB") -> 1 | AT13: =SUM(AN13:AQ13)+AR13*0.5 -> 4 | AU13: =AN13*1+AO13*1.5+AP13*2.5+AQ13*2+AR13*0.5 -> 5.5 | AV13: =COUNTIFS(H13:AH13,"",$H$6:$AH$6,">5")+COUNTIFS(H13:AH13,"X",$H$6:$AH$6,">5") -> 5 | AW13: =COUNTIF(H13:AH13,"WR*") -> 1 | AX13: =AU13/AT13 -> 1.375 | AY13: =AT13+AJ13 -> 4 | AZ13: =AU13+AK13 -> 5.5 | BA13: =AV13+AL13 -> 5 | BB13: =AW13+AM13 -> 1 | BC13: =AZ13/AY13 -> 1.375
B14: =B13+1 -> 10 | C14: =C13+1 -> 7 | D14: Zachary Loh | E14: 51 | F14: =IFERROR(IF(VLOOKUP($D14,'Dec 25'!$D$8:$AQ$43,39,0)=0,"",VLOOKUP($D14,'Dec 25'!$D$8:$AQ$43,39,0)),"") | G14: =IFERROR(IF(VLOOKUP($D14,'Dec 25'!$D$8:$AQ$43,40,0)=0,"",VLOOKUP($D14,'Dec 25'!$D$8:$AQ$43,40,0)),"") | H14: HO1 | K14: WR1 | M14: HO1 | P14: HO4 | V14: HO1 | W14: PRE-LEAVE | X14: LEAVE | Y14: LEAVE | Z14: LEAVE | AA14: LEAVE | AB14: LEAVE | AC14: LEAVE | AD14: LEAVE | AE14: LEAVE | AF14: LEAVE | AG14: LEAVE | AH14: LEAVE | AJ14: =IFERROR(VLOOKUP($D14,'Dec 25'!$D$8:$BL$43,57,0),0) -> 15.5 | AK14: =IFERROR(VLOOKUP($D14,'Dec 25'!$D$8:$BL$43,58,0),0) -> 23 | AL14: =IFERROR(VLOOKUP($D14,'Dec 25'!$D$8:$BL$43,59,0),0) -> 20 | AM14: =IFERROR(VLOOKUP($D14,'Dec 25'!$D$8:$BL$43,60,0),0) -> 3 | AN14: =COUNTIFS(H14:AH14,"HO*",$H$6:$AH$6,"<5") -> 4 | AO14: =COUNTIFS(H14:AH14,"HO*",$H$6:$AH$6,"5") -> 0 | AP14: =COUNTIFS(H14:AH14,"HO*",$H$6:$AH$6,"6")-COUNTIFS(H14:AH14,"HO6",$H$6:$AH$6,"6") -> 0 | AQ14: =COUNTIFS(H14:AH14,"HO*",$H$6:$AH$6,"7")-COUNTIFS(H14:AH14,"HO6",$H$6:$AH$6,"7") -> 0 | AR14: =COUNTIF(H14:AH14,"HO6") -> 0 | AS14: =COUNTIF(H14:AH14,"SB") -> 0 | AT14: =SUM(AN14:AQ14)+AR14*0.5 -> 4 | AU14: =AN14*1+AO14*1.5+AP14*2.5+AQ14*2+AR14*0.5 -> 4 | AV14: =COUNTIFS(H14:AH14,"",$H$6:$AH$6,">5")+COUNTIFS(H14:AH14,"X",$H$6:$AH$6,">5") -> 3 | AW14: =COUNTIF(H14:AH14,"WR*") -> 1 | AX14: =AU14/AT14 -> 1 | AY14: =AT14+AJ14 -> 19.5 | AZ14: =AU14+AK14 -> 27 | BA14: =AV14+AL14 -> 23 | BB14: =AW14+AM14 -> 4 | BC14: =AZ14/AY14 -> 1.3846154
B15: =B14+1 -> 11 | C15: =C14+1 -> 8 | D15: Khe Jia Siang | E15: 46 | F15: =IFERROR(IF(VLOOKUP($D15,'Dec 25'!$D$8:$AQ$43,39,0)=0,"",VLOOKUP($D15,'Dec 25'!$D$8:$AQ$43,39,0)),"") | G15: =IFERROR(IF(VLOOKUP($D15,'Dec 25'!$D$8:$AQ$43,40,0)=0,"",VLOOKUP($D15,'Dec 25'!$D$8:$AQ$43,40,0)),"") | I15: HO5 | J15: PRE-LEAVE | K15: LEAVE | L15: LEAVE | M15: LEAVE | N15: LEAVE | O15: LEAVE | P15: LEAVE | Q15: LEAVE | S15: SB | W15: HO4 | AB15: HO3 | AF15: HO2 | AJ15: =IFERROR(VLOOKUP($D15,'Dec 25'!$D$8:$BL$43,57,0),0) -> 9.5 | AK15: =IFERROR(VLOOKUP($D15,'Dec 25'!$D$8:$BL$43,58,0),0) -> 14 | AL15: =IFERROR(VLOOKUP($D15,'Dec 25'!$D$8:$BL$43,59,0),0) -> 20 | AM15: =IFERROR(VLOOKUP($D15,'Dec 25'!$D$8:$BL$43,60,0),0) -> 3 | AN15: =COUNTIFS(H15:AH15,"HO*",$H$6:$AH$6,"<5") -> 3 | AO15: =COUNTIFS(H15:AH15,"HO*",$H$6:$AH$6,"5") -> 0 | AP15: =COUNTIFS(H15:AH15,"HO*",$H$6:$AH$6,"6")-COUNTIFS(H15:AH15,"HO6",$H$6:$AH$6,"6") -> 1 | AQ15: =COUNTIFS(H15:AH15,"HO*",$H$6:$AH$6,"7")-COUNTIFS(H15:AH15,"HO6",$H$6:$AH$6,"7") -> 0 | AR15: =COUNTIF(H15:AH15,"HO6") -> 0 | AS15: =COUNTIF(H15:AH15,"SB") -> 1 | AT15: =SUM(AN15:AQ15)+AR15*0.5 -> 4 | AU15: =AN15*1+AO15*1.5+AP15*2.5+AQ15*2+AR15*0.5 -> 5.5 | AV15: =COUNTIFS(H15:AH15,"",$H$6:$AH$6,">5")+COUNTIFS(H15:AH15,"X",$H$6:$AH$6,">5") -> 4 | AW15: =COUNTIF(H15:AH15,"WR*") -> 0 | AX15: =AU15/AT15 -> 1.375 | AY15: =AT15+AJ15 -> 13.5 | AZ15: =AU15+AK15 -> 19.5 | BA15: =AV15+AL15 -> 24 | BB15: =AW15+AM15 -> 3 | BC15: =AZ15/AY15 -> 1.4444444
B16: =B15+1 -> 12 | C16: =C15+1 -> 9 | D16: Sarah Chen | E16: 56 | F16: =IFERROR(IF(VLOOKUP($D16,'Dec 25'!$D$8:$AQ$43,39,0)=0,"",VLOOKUP($D16,'Dec 25'!$D$8:$AQ$43,39,0)),"") | G16: =IFERROR(IF(VLOOKUP($D16,'Dec 25'!$D$8:$AQ$43,40,0)=0,"",VLOOKUP($D16,'Dec 25'!$D$8:$AQ$43,40,0)),"") | K16: WR3 | P16: HO3 | S16: HO2 | V16: HO2 | W16: PRE-LEAVE | X16: LEAVE | Y16: LEAVE | Z16: LEAVE | AA16: LEAVE | AB16: LEAVE | AG16: HO2 | AJ16: =IFERROR(VLOOKUP($D16,'Dec 25'!$D$8:$BL$43,57,0),0) -> 0 | AK16: =IFERROR(VLOOKUP($D16,'Dec 25'!$D$8:$BL$43,58,0),0) -> 0 | AL16: =IFERROR(VLOOKUP($D16,'Dec 25'!$D$8:$BL$43,59,0),0) -> 0 | AM16: =IFERROR(VLOOKUP($D16,'Dec 25'!$D$8:$BL$43,60,0),0) -> 0 | AN16: =COUNTIFS(H16:AH16,"HO*",$H$6:$AH$6,"<5") -> 2 | AO16: =COUNTIFS(H16:AH16,"HO*",$H$6:$AH$6,"5") -> 0 | AP16: =COUNTIFS(H16:AH16,"HO*",$H$6:$AH$6,"6")-COUNTIFS(H16:AH16,"HO6",$H$6:$AH$6,"6") -> 0 | AQ16: =COUNTIFS(H16:AH16,"HO*",$H$6:$AH$6,"7")-COUNTIFS(H16:AH16,"HO6",$H$6:$AH$6,"7") -> 2 | AR16: =COUNTIF(H16:AH16,"HO6") -> 0 | AS16: =COUNTIF(H16:AH16,"SB") -> 0 | AT16: =SUM(AN16:AQ16)+AR16*0.5 -> 4 | AU16: =AN16*1+AO16*1.5+AP16*2.5+AQ16*2+AR16*0.5 -> 6 | AV16: =COUNTIFS(H16:AH16,"",$H$6:$AH$6,">5")+COUNTIFS(H16:AH16,"X",$H$6:$AH$6,">5") -> 3 | AW16: =COUNTIF(H16:AH16,"WR*") -> 1 | AX16: =AU16/AT16 -> 1.5 | AY16: =AT16+AJ16 -> 4 | AZ16: =AU16+AK16 -> 6 | BA16: =AV16+AL16 -> 3 | BB16: =AW16+AM16 -> 1 | BC16: =AZ16/AY16 -> 1.5
B17: =B16+1 -> 13 | C17: =C16+1 -> 10 | D17: Ezra Eio | E17: 56 | F17: =IFERROR(IF(VLOOKUP($D17,'Dec 25'!$D$8:$AQ$43,39,0)=0,"",VLOOKUP($D17,'Dec 25'!$D$8:$AQ$43,39,0)),"") | G17: =IFERROR(IF(VLOOKUP($D17,'Dec 25'!$D$8:$AQ$43,40,0)=0,"",VLOOKUP($D17,'Dec 25'!$D$8:$AQ$43,40,0)),"") | I17: HO2 | L17: WR3 | N17: HO2 | S17: HO3 | X17: SB | AB17: HO2 | AJ17: =IFERROR(VLOOKUP($D17,'Dec 25'!$D$8:$BL$43,57,0),0) -> 0 | AK17: =IFERROR(VLOOKUP($D17,'Dec 25'!$D$8:$BL$43,58,0),0) -> 0 | AL17: =IFERROR(VLOOKUP($D17,'Dec 25'!$D$8:$BL$43,59,0),0) -> 0 | AM17: =IFERROR(VLOOKUP($D17,'Dec 25'!$D$8:$BL$43,60,0),0) -> 0 | AN17: =COUNTIFS(H17:AH17,"HO*",$H$6:$AH$6,"<5") -> 3 | AO17: =COUNTIFS(H17:AH17,"HO*",$H$6:$AH$6,"5") -> 0 | AP17: =COUNTIFS(H17:AH17,"HO*",$H$6:$AH$6,"6")-COUNTIFS(H17:AH17,"HO6",$H$6:$AH$6,"6") -> 0 | AQ17: =COUNTIFS(H17:AH17,"HO*",$H$6:$AH$6,"7")-COUNTIFS(H17:AH17,"HO6",$H$6:$AH$6,"7") -> 1 | AR17: =COUNTIF(H17:AH17,"HO6") -> 0 | AS17: =COUNTIF(H17:AH17,"SB") -> 1 | AT17: =SUM(AN17:AQ17)+AR17*0.5 -> 4 | AU17: =AN17*1+AO17*1.5+AP17*2.5+AQ17*2+AR17*0.5 -> 5 | AV17: =COUNTIFS(H17:AH17,"",$H$6:$AH$6,">5")+COUNTIFS(H17:AH17,"X",$H$6:$AH$6,">5") -> 6 | AW17: =COUNTIF(H17:AH17,"WR*") -> 1 | AX17: =AU17/AT17 -> 1.25 | AY17: =AT17+AJ17 -> 4 | AZ17: =AU17+AK17 -> 5 | BA17: =AV17+AL17 -> 6 | BB17: =AW17+AM17 -> 1 | BC17: =AZ17/AY17 -> 1.25
B18: =B17+1 -> 14 | C18: =C17+1 -> 11 | D18: Haaroon Silmi | E18: 56 | F18: =IFERROR(IF(VLOOKUP($D18,'Dec 25'!$D$8:$AQ$43,39,0)=0,"",VLOOKUP($D18,'Dec 25'!$D$8:$AQ$43,39,0)),"") | G18: =IFERROR(IF(VLOOKUP($D18,'Dec 25'!$D$8:$AQ$43,40,0)=0,"",VLOOKUP($D18,'Dec 25'!$D$8:$AQ$43,40,0)),"") | K18: HO2 | O18: HO2 | P18: PRE-LEAVE | Q18: LEAVE | R18: LEAVE | S18: LEAVE | T18: LEAVE | U18: LEAVE | X18: HO2 | AJ18: =IFERROR(VLOOKUP($D18,'Dec 25'!$D$8:$BL$43,57,0),0) -> 0 | AK18: =IFERROR(VLOOKUP($D18,'Dec 25'!$D$8:$BL$43,58,0),0) -> 0 | AL18: =IFERROR(VLOOKUP($D18,'Dec 25'!$D$8:$BL$43,59,0),0) -> 0 | AM18: =IFERROR(VLOOKUP($D18,'Dec 25'!$D$8:$BL$43,60,0),0) -> 0 | AN18: =COUNTIFS(H18:AH18,"HO*",$H$6:$AH$6,"<5") -> 1 | AO18: =COUNTIFS(H18:AH18,"HO*",$H$6:$AH$6,"5") -> 1 | AP18: =COUNTIFS(H18:AH18,"HO*",$H$6:$AH$6,"6")-COUNTIFS(H18:AH18,"HO6",$H$6:$AH$6,"6") -> 1 | AQ18: =COUNTIFS(H18:AH18,"HO*",$H$6:$AH$6,"7")-COUNTIFS(H18:AH18,"HO6",$H$6:$AH$6,"7") -> 0 | AR18: =COUNTIF(H18:AH18,"HO6") -> 0 | AS18: =COUNTIF(H18:AH18,"SB") -> 0 | AT18: =SUM(AN18:AQ18)+AR18*0.5 -> 3 | AU18: =AN18*1+AO18*1.5+AP18*2.5+AQ18*2+AR18*0.5 -> 5 | AV18: =COUNTIFS(H18:AH18,"",$H$6:$AH$6,">5")+COUNTIFS(H18:AH18,"X",$H$6:$AH$6,">5") -> 5 | AW18: =COUNTIF(H18:AH18,"WR*") -> 0 | AX18: =AU18/AT18 -> 1.6666667 | AY18: =AT18+AJ18 -> 3 | AZ18: =AU18+AK18 -> 5 | BA18: =AV18+AL18 -> 5 | BB18: =AW18+AM18 -> 0 | BC18: =AZ18/AY18 -> 1.6666667
B19: =B18+1 -> 15 | C19: =C18+1 -> 12 | D19: Lim Jieyu | E19: 56 | F19: =IFERROR(IF(VLOOKUP($D19,'Dec 25'!$D$8:$AQ$43,39,0)=0,"",VLOOKUP($D19,'Dec 25'!$D$8:$AQ$43,39,0)),"") | G19: =IFERROR(IF(VLOOKUP($D19,'Dec 25'!$D$8:$AQ$43,40,0)=0,"",VLOOKUP($D19,'Dec 25'!$D$8:$AQ$43,40,0)),"") | J19: HO2 | N19: HO1 | R19: WR3 | W19: HO2 | Z19: HO2 | AF19: SB | AJ19: =IFERROR(VLOOKUP($D19,'Dec 25'!$D$8:$BL$43,57,0),0) -> 0 | AK19: =IFERROR(VLOOKUP($D19,'Dec 25'!$D$8:$BL$43,58,0),0) -> 0 | AL19: =IFERROR(VLOOKUP($D19,'Dec 25'!$D$8:$BL$43,59,0),0) -> 0 | AM19: =IFERROR(VLOOKUP($D19,'Dec 25'!$D$8:$BL$43,60,0),0) -> 0 | AN19: =COUNTIFS(H19:AH19,"HO*",$H$6:$AH$6,"<5") -> 2 | AO19: =COUNTIFS(H19:AH19,"HO*",$H$6:$AH$6,"5") -> 1 | AP19: =COUNTIFS(H19:AH19,"HO*",$H$6:$AH$6,"6")-COUNTIFS(H19:AH19,"HO6",$H$6:$AH$6,"6") -> 0 | AQ19: =COUNTIFS(H19:AH19,"HO*",$H$6:$AH$6,"7")-COUNTIFS(H19:AH19,"HO6",$H$6:$AH$6,"7") -> 1 | AR19: =COUNTIF(H19:AH19,"HO6") -> 0 | AS19: =COUNTIF(H19:AH19,"SB") -> 1 | AT19: =SUM(AN19:AQ19)+AR19*0.5 -> 4 | AU19: =AN19*1+AO19*1.5+AP19*2.5+AQ19*2+AR19*0.5 -> 5.5 | AV19: =COUNTIFS(H19:AH19,"",$H$6:$AH$6,">5")+COUNTIFS(H19:AH19,"X",$H$6:$AH$6,">5") -> 5 | AW19: =COUNTIF(H19:AH19,"WR*") -> 1 | AX19: =AU19/AT19 -> 1.375 | AY19: =AT19+AJ19 -> 4 | AZ19: =AU19+AK19 -> 5.5 | BA19: =AV19+AL19 -> 5 | BB19: =AW19+AM19 -> 1 | BC19: =AZ19/AY19 -> 1.375
B20: =B19+1 -> 16 | C20: =C19+1 -> 13 | D20: Angeline Ong | E20: 56 | F20: =IFERROR(IF(VLOOKUP($D20,'Dec 25'!$D$8:$AQ$43,39,0)=0,"",VLOOKUP($D20,'Dec 25'!$D$8:$AQ$43,39,0)),"") | G20: =IFERROR(IF(VLOOKUP($D20,'Dec 25'!$D$8:$AQ$43,40,0)=0,"",VLOOKUP($D20,'Dec 25'!$D$8:$AQ$43,40,0)),"") | H20: HO2 | N20: HO5 | R20: HO2 | V20: SB | X20: LEAVE | Y20: LEAVE | Z20: LEAVE | AA20: LEAVE | AC20: HO2 | AG20: WR3 | AJ20: =IFERROR(VLOOKUP($D20,'Dec 25'!$D$8:$BL$43,57,0),0) -> 0 | AK20: =IFERROR(VLOOKUP($D20,'Dec 25'!$D$8:$BL$43,58,0),0) -> 0 | AL20: =IFERROR(VLOOKUP($D20,'Dec 25'!$D$8:$BL$43,59,0),0) -> 0 | AM20: =IFERROR(VLOOKUP($D20,'Dec 25'!$D$8:$BL$43,60,0),0) -> 0 | AN20: =COUNTIFS(H20:AH20,"HO*",$H$6:$AH$6,"<5") -> 3 | AO20: =COUNTIFS(H20:AH20,"HO*",$H$6:$AH$6,"5") -> 0 | AP20: =COUNTIFS(H20:AH20,"HO*",$H$6:$AH$6,"6")-COUNTIFS(H20:AH20,"HO6",$H$6:$AH$6,"6") -> 1 | AQ20: =COUNTIFS(H20:AH20,"HO*",$H$6:$AH$6,"7")-COUNTIFS(H20:AH20,"HO6",$H$6:$AH$6,"7") -> 0 | AR20: =COUNTIF(H20:AH20,"HO6") -> 0 | AS20: =COUNTIF(H20:AH20,"SB") -> 1 | AT20: =SUM(AN20:AQ20)+AR20*0.5 -> 4 | AU20: =AN20*1+AO20*1.5+AP20*2.5+AQ20*2+AR20*0.5 -> 5.5 | AV20: =COUNTIFS(H20:AH20,"",$H$6:$AH$6,">5")+COUNTIFS(H20:AH20,"X",$H$6:$AH$6,">5") -> 4 | AW20: =COUNTIF(H20:AH20,"WR*") -> 1 | AX20: =AU20/AT20 -> 1.375 | AY20: =AT20+AJ20 -> 4 | AZ20: =AU20+AK20 -> 5.5 | BA20: =AV20+AL20 -> 4 | BB20: =AW20+AM20 -> 1 | BC20: =AZ20/AY20 -> 1.375
B21: =B20+1 -> 17 | C21: =C20+1 -> 14 | D21: Chermaine Seah | E21: 85 | F21: =IFERROR(IF(VLOOKUP($D21,'Dec 25'!$D$8:$AQ$43,39,0)=0,"",VLOOKUP($D21,'Dec 25'!$D$8:$AQ$43,39,0)),"") | G21: =IFERROR(IF(VLOOKUP($D21,'Dec 25'!$D$8:$AQ$43,40,0)=0,"",VLOOKUP($D21,'Dec 25'!$D$8:$AQ$43,40,0)),"") | J21: HO1 | P21: HO2 | S21: WR3 | T21: SB | Y21: HO2 | AD21: HO2 | AJ21: =IFERROR(VLOOKUP($D21,'Dec 25'!$D$8:$BL$43,57,0),0) -> 0 | AK21: =IFERROR(VLOOKUP($D21,'Dec 25'!$D$8:$BL$43,58,0),0) -> 0 | AL21: =IFERROR(VLOOKUP($D21,'Dec 25'!$D$8:$BL$43,59,0),0) -> 0 | AM21: =IFERROR(VLOOKUP($D21,'Dec 25'!$D$8:$BL$43,60,0),0) -> 0 | AN21: =COUNTIFS(H21:AH21,"HO*",$H$6:$AH$6,"<5") -> 2 | AO21: =COUNTIFS(H21:AH21,"HO*",$H$6:$AH$6,"5") -> 1 | AP21: =COUNTIFS(H21:AH21,"HO*",$H$6:$AH$6,"6")-COUNTIFS(H21:AH21,"HO6",$H$6:$AH$6,"6") -> 1 | AQ21: =COUNTIFS(H21:AH21,"HO*",$H$6:$AH$6,"7")-COUNTIFS(H21:AH21,"HO6",$H$6:$AH$6,"7") -> 0 | AR21: =COUNTIF(H21:AH21,"HO6") -> 0 | AS21: =COUNTIF(H21:AH21,"SB") -> 1 | AT21: =SUM(AN21:AQ21)+AR21*0.5 -> 4 | AU21: =AN21*1+AO21*1.5+AP21*2.5+AQ21*2+AR21*0.5 -> 6 | AV21: =COUNTIFS(H21:AH21,"",$H$6:$AH$6,">5")+COUNTIFS(H21:AH21,"X",$H$6:$AH$6,">5") -> 6 | AW21: =COUNTIF(H21:AH21,"WR*") -> 1 | AX21: =AU21/AT21 -> 1.5 | AY21: =AT21+AJ21 -> 4 | AZ21: =AU21+AK21 -> 6 | BA21: =AV21+AL21 -> 6 | BB21: =AW21+AM21 -> 1 | BC21: =AZ21/AY21 -> 1.5
B22: =B21+1 -> 18 | C22: =C21+1 -> 15 | D22: Lee Jia Wei | E22: 85 | F22: =IFERROR(IF(VLOOKUP($D22,'Dec 25'!$D$8:$AQ$43,39,0)=0,"",VLOOKUP($D22,'Dec 25'!$D$8:$AQ$43,39,0)),"") | G22: =IFERROR(IF(VLOOKUP($D22,'Dec 25'!$D$8:$AQ$43,40,0)=0,"",VLOOKUP($D22,'Dec 25'!$D$8:$AQ$43,40,0)),"") | I22: SB | L22: HO2 | Q22: HO2 | U22: HO2 | AC22: HO3 | AJ22: =IFERROR(VLOOKUP($D22,'Dec 25'!$D$8:$BL$43,57,0),0) -> 0 | AK22: =IFERROR(VLOOKUP($D22,'Dec 25'!$D$8:$BL$43,58,0),0) -> 0 | AL22: =IFERROR(VLOOKUP($D22,'Dec 25'!$D$8:$BL$43,59,0),0) -> 0 | AM22: =IFERROR(VLOOKUP($D22,'Dec 25'!$D$8:$BL$43,60,0),0) -> 0 | AN22: =COUNTIFS(H22:AH22,"HO*",$H$6:$AH$6,"<5") -> 2 | AO22: =COUNTIFS(H22:AH22,"HO*",$H$6:$AH$6,"5") -> 1 | AP22: =COUNTIFS(H22:AH22,"HO*",$H$6:$AH$6,"6")-COUNTIFS(H22:AH22,"HO6",$H$6:$AH$6,"6") -> 0 | AQ22: =COUNTIFS(H22:AH22,"HO*",$H$6:$AH$6,"7")-COUNTIFS(H22:AH22,"HO6",$H$6:$AH$6,"7") -> 1 | AR22: =COUNTIF(H22:AH22,"HO6") -> 0 | AS22: =COUNTIF(H22:AH22,"SB") -> 1 | AT22: =SUM(AN22:AQ22)+AR22*0.5 -> 4 | AU22: =AN22*1+AO22*1.5+AP22*2.5+AQ22*2+AR22*0.5 -> 5.5 | AV22: =COUNTIFS(H22:AH22,"",$H$6:$AH$6,">5")+COUNTIFS(H22:AH22,"X",$H$6:$AH$6,">5") -> 7 | AW22: =COUNTIF(H22:AH22,"WR*") -> 0 | AX22: =AU22/AT22 -> 1.375 | AY22: =AT22+AJ22 -> 4 | AZ22: =AU22+AK22 -> 5.5 | BA22: =AV22+AL22 -> 7 | BB22: =AW22+AM22 -> 0 | BC22: =AZ22/AY22 -> 1.375
B23: =B22+1 -> 19 | C23: =C22+1 -> 16 | D23: Tasha Anna Leow | E23: 66 | F23: =IFERROR(IF(VLOOKUP($D23,'Dec 25'!$D$8:$AQ$43,39,0)=0,"",VLOOKUP($D23,'Dec 25'!$D$8:$AQ$43,39,0)),"") | G23: =IFERROR(IF(VLOOKUP($D23,'Dec 25'!$D$8:$AQ$43,40,0)=0,"",VLOOKUP($D23,'Dec 25'!$D$8:$AQ$43,40,0)),"") | K23: HO3 | O23: SB | V23: PRE-LEAVE | W23: LEAVE | X23: LEAVE | AA23: HO2 | AE23: HO3 | AG23: WR2 | AJ23: =IFERROR(VLOOKUP($D23,'Dec 25'!$D$8:$BL$43,57,0),0) -> 0 | AK23: =IFERROR(VLOOKUP($D23,'Dec 25'!$D$8:$BL$43,58,0),0) -> 0 | AL23: =IFERROR(VLOOKUP($D23,'Dec 25'!$D$8:$BL$43,59,0),0) -> 0 | AM23: =IFERROR(VLOOKUP($D23,'Dec 25'!$D$8:$BL$43,60,0),0) -> 0 | AN23: =COUNTIFS(H23:AH23,"HO*",$H$6:$AH$6,"<5") -> 1 | AO23: =COUNTIFS(H23:AH23,"HO*",$H$6:$AH$6,"5") -> 1 | AP23: =COUNTIFS(H23:AH23,"HO*",$H$6:$AH$6,"6")-COUNTIFS(H23:AH23,"HO6",$H$6:$AH$6,"6") -> 1 | AQ23: =COUNTIFS(H23:AH23,"HO*",$H$6:$AH$6,"7")-COUNTIFS(H23:AH23,"HO6",$H$6:$AH$6,"7") -> 0 | AR23: =COUNTIF(H23:AH23,"HO6") -> 0 | AS23: =COUNTIF(H23:AH23,"SB") -> 1 | AT23: =SUM(AN23:AQ23)+AR23*0.5 -> 3 | AU23: =AN23*1+AO23*1.5+AP23*2.5+AQ23*2+AR23*0.5 -> 5 | AV23: =COUNTIFS(H23:AH23,"",$H$6:$AH$6,">5")+COUNTIFS(H23:AH23,"X",$H$6:$AH$6,">5") -> 6 | AW23: =COUNTIF(H23:AH23,"WR*") -> 1 | AX23: =AU23/AT23 -> 1.6666667 | AY23: =AT23+AJ23 -> 3 | AZ23: =AU23+AK23 -> 5 | BA23: =AV23+AL23 -> 6 | BB23: =AW23+AM23 -> 1 | BC23: =AZ23/AY23 -> 1.6666667
B24: =B23+1 -> 20 | C24: =C23+1 -> 17 | D24: Brendon Loo | E24: 66 | F24: =IFERROR(IF(VLOOKUP($D24,'Dec 25'!$D$8:$AQ$43,39,0)=0,"",VLOOKUP($D24,'Dec 25'!$D$8:$AQ$43,39,0)),"") | G24: =IFERROR(IF(VLOOKUP($D24,'Dec 25'!$D$8:$AQ$43,40,0)=0,"",VLOOKUP($D24,'Dec 25'!$D$8:$AQ$43,40,0)),"") | H24: HO3 | L24: HO3 | Q24: HO3 | U24: HO3 | Y24: HO6 | AC24: LEAVE | AD24: LEAVE | AE24: LEAVE | AF24: LEAVE | AG24: LEAVE | AH24: LEAVE | AJ24: =IFERROR(VLOOKUP($D24,'Dec 25'!$D$8:$BL$43,57,0),0) -> 0 | AK24: =IFERROR(VLOOKUP($D24,'Dec 25'!$D$8:$BL$43,58,0),0) -> 0 | AL24: =IFERROR(VLOOKUP($D24,'Dec 25'!$D$8:$BL$43,59,0),0) -> 0 | AM24: =IFERROR(VLOOKUP($D24,'Dec 25'!$D$8:$BL$43,60,0),0) -> 0 | AN24: =COUNTIFS(H24:AH24,"HO*",$H$6:$AH$6,"<5") -> 2 | AO24: =COUNTIFS(H24:AH24,"HO*",$H$6:$AH$6,"5") -> 1 | AP24: =COUNTIFS(H24:AH24,"HO*",$H$6:$AH$6,"6")-COUNTIFS(H24:AH24,"HO6",$H$6:$AH$6,"6") -> 0 | AQ24: =COUNTIFS(H24:AH24,"HO*",$H$6:$AH$6,"7")-COUNTIFS(H24:AH24,"HO6",$H$6:$AH$6,"7") -> 1 | AR24: =COUNTIF(H24:AH24,"HO6") -> 1 | AS24: =COUNTIF(H24:AH24,"SB") -> 0 | AT24: =SUM(AN24:AQ24)+AR24*0.5 -> 4.5 | AU24: =AN24*1+AO24*1.5+AP24*2.5+AQ24*2+AR24*0.5 -> 6 | AV24: =COUNTIFS(H24:AH24,"",$H$6:$AH$6,">5")+COUNTIFS(H24:AH24,"X",$H$6:$AH$6,">5") -> 4 | AW24: =COUNTIF(H24:AH24,"WR*") -> 0 | AX24: =AU24/AT24 -> 1.3333333 | AY24: =AT24+AJ24 -> 4.5 | AZ24: =AU24+AK24 -> 6 | BA24: =AV24+AL24 -> 4 | BB24: =AW24+AM24 -> 0 | BC24: =AZ24/AY24 -> 1.3333333
B25: =B24+1 -> 21 | C25: =C24+1 -> 18 | D25: Tang Adelina | E25: 66 | F25: =IFERROR(IF(VLOOKUP($D25,'Dec 25'!$D$8:$AQ$43,39,0)=0,"",VLOOKUP($D25,'Dec 25'!$D$8:$AQ$43,39,0)),"") | G25: =IFERROR(IF(VLOOKUP($D25,'Dec 25'!$D$8:$AQ$43,40,0)=0,"",VLOOKUP($D25,'Dec 25'!$D$8:$AQ$43,40,0)),"") | L25: HO6 | O25: HO3 | R25: WR2 | T25: HO3 | Z25: SB | AF25: HO3 | AJ25: =IFERROR(VLOOKUP($D25,'Dec 25'!$D$8:$BL$43,57,0),0) -> 0 | AK25: =IFERROR(VLOOKUP($D25,'Dec 25'!$D$8:$BL$43,58,0),0) -> 0 | AL25: =IFERROR(VLOOKUP($D25,'Dec 25'!$D$8:$BL$43,59,0),0) -> 0 | AM25: =IFERROR(VLOOKUP($D25,'Dec 25'!$D$8:$BL$43,60,0),0) -> 0 | AN25: =COUNTIFS(H25:AH25,"HO*",$H$6:$AH$6,"<5") -> 2 | AO25: =COUNTIFS(H25:AH25,"HO*",$H$6:$AH$6,"5") -> 0 | AP25: =COUNTIFS(H25:AH25,"HO*",$H$6:$AH$6,"6")-COUNTIFS(H25:AH25,"HO6",$H$6:$AH$6,"6") -> 1 | AQ25: =COUNTIFS(H25:AH25,"HO*",$H$6:$AH$6,"7")-COUNTIFS(H25:AH25,"HO6",$H$6:$AH$6,"7") -> 0 | AR25: =COUNTIF(H25:AH25,"HO6") -> 1 | AS25: =COUNTIF(H25:AH25,"SB") -> 1 | AT25: =SUM(AN25:AQ25)+AR25*0.5 -> 3.5 | AU25: =AN25*1+AO25*1.5+AP25*2.5+AQ25*2+AR25*0.5 -> 5 | AV25: =COUNTIFS(H25:AH25,"",$H$6:$AH$6,">5")+COUNTIFS(H25:AH25,"X",$H$6:$AH$6,">5") -> 4 | AW25: =COUNTIF(H25:AH25,"WR*") -> 1 | AX25: =AU25/AT25 -> 1.4285714 | AY25: =AT25+AJ25 -> 3.5 | AZ25: =AU25+AK25 -> 5 | BA25: =AV25+AL25 -> 4 | BB25: =AW25+AM25 -> 1 | BC25: =AZ25/AY25 -> 1.4285714
B26: =B25+1 -> 22 | C26: =C25+1 -> 19 | D26: Nicole Tong | E26: 66 | F26: =IFERROR(IF(VLOOKUP($D26,'Dec 25'!$D$8:$AQ$43,39,0)=0,"",VLOOKUP($D26,'Dec 25'!$D$8:$AQ$43,39,0)),"") | G26: =IFERROR(IF(VLOOKUP($D26,'Dec 25'!$D$8:$AQ$43,40,0)=0,"",VLOOKUP($D26,'Dec 25'!$D$8:$AQ$43,40,0)),"") | J26: HO3 | N26: HO3 | R26: HO6 | W26: HO3 | AB26: SB | AE26: HO4 | AG26: WR1 | AJ26: =IFERROR(VLOOKUP($D26,'Dec 25'!$D$8:$BL$43,57,0),0) -> 0 | AK26: =IFERROR(VLOOKUP($D26,'Dec 25'!$D$8:$BL$43,58,0),0) -> 0 | AL26: =IFERROR(VLOOKUP($D26,'Dec 25'!$D$8:$BL$43,59,0),0) -> 0 | AM26: =IFERROR(VLOOKUP($D26,'Dec 25'!$D$8:$BL$43,60,0),0) -> 0 | AN26: =COUNTIFS(H26:AH26,"HO*",$H$6:$AH$6,"<5") -> 2 | AO26: =COUNTIFS(H26:AH26,"HO*",$H$6:$AH$6,"5") -> 2 | AP26: =COUNTIFS(H26:AH26,"HO*",$H$6:$AH$6,"6")-COUNTIFS(H26:AH26,"HO6",$H$6:$AH$6,"6") -> 0 | AQ26: =COUNTIFS(H26:AH26,"HO*",$H$6:$AH$6,"7")-COUNTIFS(H26:AH26,"HO6",$H$6:$AH$6,"7") -> 0 | AR26: =COUNTIF(H26:AH26,"HO6") -> 1 | AS26: =COUNTIF(H26:AH26,"SB") -> 1 | AT26: =SUM(AN26:AQ26)+AR26*0.5 -> 4.5 | AU26: =AN26*1+AO26*1.5+AP26*2.5+AQ26*2+AR26*0.5 -> 5.5 | AV26: =COUNTIFS(H26:AH26,"",$H$6:$AH$6,">5")+COUNTIFS(H26:AH26,"X",$H$6:$AH$6,">5") -> 6 | AW26: =COUNTIF(H26:AH26,"WR*") -> 1 | AX26: =AU26/AT26 -> 1.2222222 | AY26: =AT26+AJ26 -> 4.5 | AZ26: =AU26+AK26 -> 5.5 | BA26: =AV26+AL26 -> 6 | BB26: =AW26+AM26 -> 1 | BC26: =AZ26/AY26 -> 1.2222222
B27: =B26+1 -> 23 | C27: =C26+1 -> 20 | D27: Goh Shyer Wern | E27: 86 | F27: =IFERROR(IF(VLOOKUP($D27,'Dec 25'!$D$8:$AQ$43,39,0)=0,"",VLOOKUP($D27,'Dec 25'!$D$8:$AQ$43,39,0)),"") | G27: =IFERROR(IF(VLOOKUP($D27,'Dec 25'!$D$8:$AQ$43,40,0)=0,"",VLOOKUP($D27,'Dec 25'!$D$8:$AQ$43,40,0)),"") | J27: SB | M27: HO2 | R27: HO5 | X27: HO3 | AD27: HO5 | AF27: WR2 | AJ27: =IFERROR(VLOOKUP($D27,'Dec 25'!$D$8:$BL$43,57,0),0) -> 0 | AK27: =IFERROR(VLOOKUP($D27,'Dec 25'!$D$8:$BL$43,58,0),0) -> 0 | AL27: =IFERROR(VLOOKUP($D27,'Dec 25'!$D$8:$BL$43,59,0),0) -> 0 | AM27: =IFERROR(VLOOKUP($D27,'Dec 25'!$D$8:$BL$43,60,0),0) -> 0 | AN27: =COUNTIFS(H27:AH27,"HO*",$H$6:$AH$6,"<5") -> 2 | AO27: =COUNTIFS(H27:AH27,"HO*",$H$6:$AH$6,"5") -> 1 | AP27: =COUNTIFS(H27:AH27,"HO*",$H$6:$AH$6,"6")-COUNTIFS(H27:AH27,"HO6",$H$6:$AH$6,"6") -> 1 | AQ27: =COUNTIFS(H27:AH27,"HO*",$H$6:$AH$6,"7")-COUNTIFS(H27:AH27,"HO6",$H$6:$AH$6,"7") -> 0 | AR27: =COUNTIF(H27:AH27,"HO6") -> 0 | AS27: =COUNTIF(H27:AH27,"SB") -> 1 | AT27: =SUM(AN27:AQ27)+AR27*0.5 -> 4 | AU27: =AN27*1+AO27*1.5+AP27*2.5+AQ27*2+AR27*0.5 -> 6 | AV27: =COUNTIFS(H27:AH27,"",$H$6:$AH$6,">5")+COUNTIFS(H27:AH27,"X",$H$6:$AH$6,">5") -> 6 | AW27: =COUNTIF(H27:AH27,"WR*") -> 1 | AX27: =AU27/AT27 -> 1.5 | AY27: =AT27+AJ27 -> 4 | AZ27: =AU27+AK27 -> 6 | BA27: =AV27+AL27 -> 6 | BB27: =AW27+AM27 -> 1 | BC27: =AZ27/AY27 -> 1.5
B28: =B27+1 -> 24 | C28: =C27+1 -> 21 | D28: Timothy Lam | E28: 86 | F28: =IFERROR(IF(VLOOKUP($D28,'Dec 25'!$D$8:$AQ$43,39,0)=0,"",VLOOKUP($D28,'Dec 25'!$D$8:$AQ$43,39,0)),"") | G28: =IFERROR(IF(VLOOKUP($D28,'Dec 25'!$D$8:$AQ$43,40,0)=0,"",VLOOKUP($D28,'Dec 25'!$D$8:$AQ$43,40,0)),"") | K28: HO5 | P28: PRE-LEAVE | Q28: LEAVE | Y28: WR2 | AA28: HO5 | AE28: HO5 | AJ28: =IFERROR(VLOOKUP($D28,'Dec 25'!$D$8:$BL$43,57,0),0) -> 0 | AK28: =IFERROR(VLOOKUP($D28,'Dec 25'!$D$8:$BL$43,58,0),0) -> 0 | AL28: =IFERROR(VLOOKUP($D28,'Dec 25'!$D$8:$BL$43,59,0),0) -> 0 | AM28: =IFERROR(VLOOKUP($D28,'Dec 25'!$D$8:$BL$43,60,0),0) -> 0 | AN28: =COUNTIFS(H28:AH28,"HO*",$H$6:$AH$6,"<5") -> 1 | AO28: =COUNTIFS(H28:AH28,"HO*",$H$6:$AH$6,"5") -> 1 | AP28: =COUNTIFS(H28:AH28,"HO*",$H$6:$AH$6,"6")-COUNTIFS(H28:AH28,"HO6",$H$6:$AH$6,"6") -> 1 | AQ28: =COUNTIFS(H28:AH28,"HO*",$H$6:$AH$6,"7")-COUNTIFS(H28:AH28,"HO6",$H$6:$AH$6,"7") -> 0 | AR28: =COUNTIF(H28:AH28,"HO6") -> 0 | AS28: =COUNTIF(H28:AH28,"SB") -> 0 | AT28: =SUM(AN28:AQ28)+AR28*0.5 -> 3 | AU28: =AN28*1+AO28*1.5+AP28*2.5+AQ28*2+AR28*0.5 -> 5 | AV28: =COUNTIFS(H28:AH28,"",$H$6:$AH$6,">5")+COUNTIFS(H28:AH28,"X",$H$6:$AH$6,">5") -> 6 | AW28: =COUNTIF(H28:AH28,"WR*") -> 1 | AX28: =AU28/AT28 -> 1.6666667 | AY28: =AT28+AJ28 -> 3 | AZ28: =AU28+AK28 -> 5 | BA28: =AV28+AL28 -> 6 | BB28: =AW28+AM28 -> 1 | BC28: =AZ28/AY28 -> 1.6666667
B29: =B28+1 -> 25 | C29: =C28+1 -> 22 | D29: Goh Jue Shao | E29: 86 | F29: =IFERROR(IF(VLOOKUP($D29,'Dec 25'!$D$8:$AQ$43,39,0)=0,"",VLOOKUP($D29,'Dec 25'!$D$8:$AQ$43,39,0)),"") | G29: =IFERROR(IF(VLOOKUP($D29,'Dec 25'!$D$8:$AQ$43,40,0)=0,"",VLOOKUP($D29,'Dec 25'!$D$8:$AQ$43,40,0)),"") | H29: SB | K29: WR2 | S29: HO5 | T29: PRE-LEAVE | U29: LEAVE | Z29: HO3 | AH29: HO5 | AJ29: =IFERROR(VLOOKUP($D29,'Dec 25'!$D$8:$BL$43,57,0),0) -> 0 | AK29: =IFERROR(VLOOKUP($D29,'Dec 25'!$D$8:$BL$43,58,0),0) -> 0 | AL29: =IFERROR(VLOOKUP($D29,'Dec 25'!$D$8:$BL$43,59,0),0) -> 0 | AM29: =IFERROR(VLOOKUP($D29,'Dec 25'!$D$8:$BL$43,60,0),0) -> 0 | AN29: =COUNTIFS(H29:AH29,"HO*",$H$6:$AH$6,"<5") -> 1 | AO29: =COUNTIFS(H29:AH29,"HO*",$H$6:$AH$6,"5") -> 0 | AP29: =COUNTIFS(H29:AH29,"HO*",$H$6:$AH$6,"6")-COUNTIFS(H29:AH29,"HO6",$H$6:$AH$6,"6") -> 0 | AQ29: =COUNTIFS(H29:AH29,"HO*",$H$6:$AH$6,"7")-COUNTIFS(H29:AH29,"HO6",$H$6:$AH$6,"7") -> 2 | AR29: =COUNTIF(H29:AH29,"HO6") -> 0 | AS29: =COUNTIF(H29:AH29,"SB") -> 1 | AT29: =SUM(AN29:AQ29)+AR29*0.5 -> 3 | AU29: =AN29*1+AO29*1.5+AP29*2.5+AQ29*2+AR29*0.5 -> 5 | AV29: =COUNTIFS(H29:AH29,"",$H$6:$AH$6,">5")+COUNTIFS(H29:AH29,"X",$H$6:$AH$6,">5") -> 5 | AW29: =COUNTIF(H29:AH29,"WR*") -> 1 | AX29: =AU29/AT29 -> 1.6666667 | AY29: =AT29+AJ29 -> 3 | AZ29: =AU29+AK29 -> 5 | BA29: =AV29+AL29 -> 5 | BB29: =AW29+AM29 -> 1 | BC29: =AZ29/AY29 -> 1.6666667
B30: =B29+1 -> 26 | C30: =C29+1 -> 23 | D30: Joshua Seow | E30: 86 | F30: =IFERROR(IF(VLOOKUP($D30,'Dec 25'!$D$8:$AQ$43,39,0)=0,"",VLOOKUP($D30,'Dec 25'!$D$8:$AQ$43,39,0)),"") | G30: =IFERROR(IF(VLOOKUP($D30,'Dec 25'!$D$8:$AQ$43,40,0)=0,"",VLOOKUP($D30,'Dec 25'!$D$8:$AQ$43,40,0)),"") | L30: HO5 | P30: HO5 | S30: WR2 | X30: HO5 | AA30: SB | AF30: WR3 | AG30: HO6 | AH30: HO2 | AJ30: =IFERROR(VLOOKUP($D30,'Dec 25'!$D$8:$BL$43,57,0),0) -> 0 | AK30: =IFERROR(VLOOKUP($D30,'Dec 25'!$D$8:$BL$43,58,0),0) -> 0 | AL30: =IFERROR(VLOOKUP($D30,'Dec 25'!$D$8:$BL$43,59,0),0) -> 0 | AM30: =IFERROR(VLOOKUP($D30,'Dec 25'!$D$8:$BL$43,60,0),0) -> 0 | AN30: =COUNTIFS(H30:AH30,"HO*",$H$6:$AH$6,"<5") -> 2 | AO30: =COUNTIFS(H30:AH30,"HO*",$H$6:$AH$6,"5") -> 1 | AP30: =COUNTIFS(H30:AH30,"HO*",$H$6:$AH$6,"6")-COUNTIFS(H30:AH30,"HO6",$H$6:$AH$6,"6") -> 0 | AQ30: =COUNTIFS(H30:AH30,"HO*",$H$6:$AH$6,"7")-COUNTIFS(H30:AH30,"HO6",$H$6:$AH$6,"7") -> 1 | AR30: =COUNTIF(H30:AH30,"HO6") -> 1 | AS30: =COUNTIF(H30:AH30,"SB") -> 1 | AT30: =SUM(AN30:AQ30)+AR30*0.5 -> 4.5 | AU30: =AN30*1+AO30*1.5+AP30*2.5+AQ30*2+AR30*0.5 -> 6 | AV30: =COUNTIFS(H30:AH30,"",$H$6:$AH$6,">5")+COUNTIFS(H30:AH30,"X",$H$6:$AH$6,">5") -> 4 | AW30: =COUNTIF(H30:AH30,"WR*") -> 2 | AX30: =AU30/AT30 -> 1.3333333 | AY30: =AT30+AJ30 -> 4.5 | AZ30: =AU30+AK30 -> 6 | BA30: =AV30+AL30 -> 4 | BB30: =AW30+AM30 -> 2 | BC30: =AZ30/AY30 -> 1.3333333
B31: =B30+1 -> 27 | C31: =C30+1 -> 24 | D31: Gerald Ng | E31: 41 | F31: =IFERROR(IF(VLOOKUP($D31,'Dec 25'!$D$8:$AQ$43,39,0)=0,"",VLOOKUP($D31,'Dec 25'!$D$8:$AQ$43,39,0)),"") | G31: =IFERROR(IF(VLOOKUP($D31,'Dec 25'!$D$8:$AQ$43,40,0)=0,"",VLOOKUP($D31,'Dec 25'!$D$8:$AQ$43,40,0)),"") -> S | I31: PRE-LEAVE | J31: LEAVE | K31: LEAVE | L31: LEAVE | M31: LEAVE | O31: HO1 | T31: HO2 | W31: HO5 | Y31: WR3 | Z31: HO4 | AB31: PRE-LEAVE | AC31: LEAVE | AD31: LEAVE | AE31: LEAVE | AF31: LEAVE | AG31: LEAVE | AH31: LEAVE | AJ31: =IFERROR(VLOOKUP($D31,'Dec 25'!$D$8:$BL$43,57,0),0) -> 9.5 | AK31: =IFERROR(VLOOKUP($D31,'Dec 25'!$D$8:$BL$43,58,0),0) -> 14.5 | AL31: =IFERROR(VLOOKUP($D31,'Dec 25'!$D$8:$BL$43,59,0),0) -> 21 | AM31: =IFERROR(VLOOKUP($D31,'Dec 25'!$D$8:$BL$43,60,0),0) -> 3 | AN31: =COUNTIFS(H31:AH31,"HO*",$H$6:$AH$6,"<5") -> 3 | AO31: =COUNTIFS(H31:AH31,"HO*",$H$6:$AH$6,"5") -> 0 | AP31: =COUNTIFS(H31:AH31,"HO*",$H$6:$AH$6,"6")-COUNTIFS(H31:AH31,"HO6",$H$6:$AH$6,"6") -> 0 | AQ31: =COUNTIFS(H31:AH31,"HO*",$H$6:$AH$6,"7")-COUNTIFS(H31:AH31,"HO6",$H$6:$AH$6,"7") -> 1 | AR31: =COUNTIF(H31:AH31,"HO6") -> 0 | AS31: =COUNTIF(H31:AH31,"SB") -> 0 | AT31: =SUM(AN31:AQ31)+AR31*0.5 -> 4 | AU31: =AN31*1+AO31*1.5+AP31*2.5+AQ31*2+AR31*0.5 -> 5 | AV31: =COUNTIFS(H31:AH31,"",$H$6:$AH$6,">5")+COUNTIFS(H31:AH31,"X",$H$6:$AH$6,">5") -> 2 | AW31: =COUNTIF(H31:AH31,"WR*") -> 1 | AX31: =AU31/AT31 -> 1.25 | AY31: =AT31+AJ31 -> 13.5 | AZ31: =AU31+AK31 -> 19.5 | BA31: =AV31+AL31 -> 23 | BB31: =AW31+AM31 -> 4 | BC31: =AZ31/AY31 -> 1.4444444
B32: =B31+1 -> 28 | C32: =C31+1 -> 25 | D32: Ooi Ewe Ming | E32: 62 | F32: =IFERROR(IF(VLOOKUP($D32,'Dec 25'!$D$8:$AQ$43,39,0)=0,"",VLOOKUP($D32,'Dec 25'!$D$8:$AQ$43,39,0)),"") | G32: =IFERROR(IF(VLOOKUP($D32,'Dec 25'!$D$8:$AQ$43,40,0)=0,"",VLOOKUP($D32,'Dec 25'!$D$8:$AQ$43,40,0)),"") -> HO2 | O32: HO4 | P32: PRE-LEAVE | Q32: LEAVE | R32: LEAVE | S32: LEAVE | T32: LEAVE | U32: LEAVE | V32: LEAVE | Y32: HO3 | AG32: HO3 | AJ32: =IFERROR(VLOOKUP($D32,'Dec 25'!$D$8:$BL$43,57,0),0) -> 9 | AK32: =IFERROR(VLOOKUP($D32,'Dec 25'!$D$8:$BL$43,58,0),0) -> 14 | AL32: =IFERROR(VLOOKUP($D32,'Dec 25'!$D$8:$BL$43,59,0),0) -> 21 | AM32: =IFERROR(VLOOKUP($D32,'Dec 25'!$D$8:$BL$43,60,0),0) -> 2 | AN32: =COUNTIFS(H32:AH32,"HO*",$H$6:$AH$6,"<5") -> 1 | AO32: =COUNTIFS(H32:AH32,"HO*",$H$6:$AH$6,"5") -> 0 | AP32: =COUNTIFS(H32:AH32,"HO*",$H$6:$AH$6,"6")-COUNTIFS(H32:AH32,"HO6",$H$6:$AH$6,"6") -> 1 | AQ32: =COUNTIFS(H32:AH32,"HO*",$H$6:$AH$6,"7")-COUNTIFS(H32:AH32,"HO6",$H$6:$AH$6,"7") -> 1 | AR32: =COUNTIF(H32:AH32,"HO6") -> 0 | AS32: =COUNTIF(H32:AH32,"SB") -> 0 | AT32: =SUM(AN32:AQ32)+AR32*0.5 -> 3 | AU32: =AN32*1+AO32*1.5+AP32*2.5+AQ32*2+AR32*0.5 -> 5.5 | AV32: =COUNTIFS(H32:AH32,"",$H$6:$AH$6,">5")+COUNTIFS(H32:AH32,"X",$H$6:$AH$6,">5") -> 4 | AW32: =COUNTIF(H32:AH32,"WR*") -> 0 | AX32: =AU32/AT32 -> 1.8333333 | AY32: =AT32+AJ32 -> 12 | AZ32: =AU32+AK32 -> 19.5 | BA32: =AV32+AL32 -> 25 | BB32: =AW32+AM32 -> 2 | BC32: =AZ32/AY32 -> 1.625
B33: =B32+1 -> 29 | C33: =C32+1 -> 26 | D33: Alison Wong | E33: 62 | F33: =IFERROR(IF(VLOOKUP($D33,'Dec 25'!$D$8:$AQ$43,39,0)=0,"",VLOOKUP($D33,'Dec 25'!$D$8:$AQ$43,39,0)),"") | G33: =IFERROR(IF(VLOOKUP($D33,'Dec 25'!$D$8:$AQ$43,40,0)=0,"",VLOOKUP($D33,'Dec 25'!$D$8:$AQ$43,40,0)),"") | I33: HO3 | R33: HO4 | AB33: HO5 | AH33: HO4 | AJ33: =IFERROR(VLOOKUP($D33,'Dec 25'!$D$8:$BL$43,57,0),0) -> 0 | AK33: =IFERROR(VLOOKUP($D33,'Dec 25'!$D$8:$BL$43,58,0),0) -> 0 | AL33: =IFERROR(VLOOKUP($D33,'Dec 25'!$D$8:$BL$43,59,0),0) -> 0 | AM33: =IFERROR(VLOOKUP($D33,'Dec 25'!$D$8:$BL$43,60,0),0) -> 0 | AN33: =COUNTIFS(H33:AH33,"HO*",$H$6:$AH$6,"<5") -> 3 | AO33: =COUNTIFS(H33:AH33,"HO*",$H$6:$AH$6,"5") -> 0 | AP33: =COUNTIFS(H33:AH33,"HO*",$H$6:$AH$6,"6")-COUNTIFS(H33:AH33,"HO6",$H$6:$AH$6,"6") -> 1 | AQ33: =COUNTIFS(H33:AH33,"HO*",$H$6:$AH$6,"7")-COUNTIFS(H33:AH33,"HO6",$H$6:$AH$6,"7") -> 0 | AR33: =COUNTIF(H33:AH33,"HO6") -> 0 | AS33: =COUNTIF(H33:AH33,"SB") -> 0 | AT33: =SUM(AN33:AQ33)+AR33*0.5 -> 4 | AU33: =AN33*1+AO33*1.5+AP33*2.5+AQ33*2+AR33*0.5 -> 5.5 | AV33: =COUNTIFS(H33:AH33,"",$H$6:$AH$6,">5")+COUNTIFS(H33:AH33,"X",$H$6:$AH$6,">5") -> 7 | AW33: =COUNTIF(H33:AH33,"WR*") -> 0 | AX33: =AU33/AT33 -> 1.375 | AY33: =AT33+AJ33 -> 4 | AZ33: =AU33+AK33 -> 5.5 | BA33: =AV33+AL33 -> 7 | BB33: =AW33+AM33 -> 0 | BC33: =AZ33/AY33 -> 1.375
B34: =B33+1 -> 30 | C34: =C33+1 -> 27 | D34: Celest Chiam | E34: 62 | F34: =IFERROR(IF(VLOOKUP($D34,'Dec 25'!$D$8:$AQ$43,39,0)=0,"",VLOOKUP($D34,'Dec 25'!$D$8:$AQ$43,39,0)),"") | G34: =IFERROR(IF(VLOOKUP($D34,'Dec 25'!$D$8:$AQ$43,40,0)=0,"",VLOOKUP($D34,'Dec 25'!$D$8:$AQ$43,40,0)),"") | K34: HO6 | P34: SB | S34: HO4 | V34: HO5 | Y34: HO4 | AJ34: =IFERROR(VLOOKUP($D34,'Dec 25'!$D$8:$BL$43,57,0),0) -> 0 | AK34: =IFERROR(VLOOKUP($D34,'Dec 25'!$D$8:$BL$43,58,0),0) -> 0 | AL34: =IFERROR(VLOOKUP($D34,'Dec 25'!$D$8:$BL$43,59,0),0) -> 0 | AM34: =IFERROR(VLOOKUP($D34,'Dec 25'!$D$8:$BL$43,60,0),0) -> 0 | AN34: =COUNTIFS(H34:AH34,"HO*",$H$6:$AH$6,"<5") -> 1 | AO34: =COUNTIFS(H34:AH34,"HO*",$H$6:$AH$6,"5") -> 0 | AP34: =COUNTIFS(H34:AH34,"HO*",$H$6:$AH$6,"6")-COUNTIFS(H34:AH34,"HO6",$H$6:$AH$6,"6") -> 1 | AQ34: =COUNTIFS(H34:AH34,"HO*",$H$6:$AH$6,"7")-COUNTIFS(H34:AH34,"HO6",$H$6:$AH$6,"7") -> 1 | AR34: =COUNTIF(H34:AH34,"HO6") -> 1 | AS34: =COUNTIF(H34:AH34,"SB") -> 1 | AT34: =SUM(AN34:AQ34)+AR34*0.5 -> 3.5 | AU34: =AN34*1+AO34*1.5+AP34*2.5+AQ34*2+AR34*0.5 -> 6 | AV34: =COUNTIFS(H34:AH34,"",$H$6:$AH$6,">5")+COUNTIFS(H34:AH34,"X",$H$6:$AH$6,">5") -> 5 | AW34: =COUNTIF(H34:AH34,"WR*") -> 0 | AX34: =AU34/AT34 -> 1.7142857 | AY34: =AT34+AJ34 -> 3.5 | AZ34: =AU34+AK34 -> 6 | BA34: =AV34+AL34 -> 5 | BB34: =AW34+AM34 -> 0 | BC34: =AZ34/AY34 -> 1.7142857
B35: =B34+1 -> 31 | C35: =C34+1 -> 28 | D35: Yong Jie Ning | E35: 62 | F35: =IFERROR(IF(VLOOKUP($D35,'Dec 25'!$D$8:$AQ$43,39,0)=0,"",VLOOKUP($D35,'Dec 25'!$D$8:$AQ$43,39,0)),"") | G35: =IFERROR(IF(VLOOKUP($D35,'Dec 25'!$D$8:$AQ$43,40,0)=0,"",VLOOKUP($D35,'Dec 25'!$D$8:$AQ$43,40,0)),"") | I35: HO4 | L35: SB | O35: HO5 | R35: HO3 | AC35: HO4 | AF35: HO6 | AJ35: =IFERROR(VLOOKUP($D35,'Dec 25'!$D$8:$BL$43,57,0),0) -> 0 | AK35: =IFERROR(VLOOKUP($D35,'Dec 25'!$D$8:$BL$43,58,0),0) -> 0 | AL35: =IFERROR(VLOOKUP($D35,'Dec 25'!$D$8:$BL$43,59,0),0) -> 0 | AM35: =IFERROR(VLOOKUP($D35,'Dec 25'!$D$8:$BL$43,60,0),0) -> 0 | AN35: =COUNTIFS(H35:AH35,"HO*",$H$6:$AH$6,"<5") -> 3 | AO35: =COUNTIFS(H35:AH35,"HO*",$H$6:$AH$6,"5") -> 0 | AP35: =COUNTIFS(H35:AH35,"HO*",$H$6:$AH$6,"6")-COUNTIFS(H35:AH35,"HO6",$H$6:$AH$6,"6") -> 1 | AQ35: =COUNTIFS(H35:AH35,"HO*",$H$6:$AH$6,"7")-COUNTIFS(H35:AH35,"HO6",$H$6:$AH$6,"7") -> 0 | AR35: =COUNTIF(H35:AH35,"HO6") -> 1 | AS35: =COUNTIF(H35:AH35,"SB") -> 1 | AT35: =SUM(AN35:AQ35)+AR35*0.5 -> 4.5 | AU35: =AN35*1+AO35*1.5+AP35*2.5+AQ35*2+AR35*0.5 -> 6 | AV35: =COUNTIFS(H35:AH35,"",$H$6:$AH$6,">5")+COUNTIFS(H35:AH35,"X",$H$6:$AH$6,">5") -> 5 | AW35: =COUNTIF(H35:AH35,"WR*") -> 0 | AX35: =AU35/AT35 -> 1.3333333 | AY35: =AT35+AJ35 -> 4.5 | AZ35: =AU35+AK35 -> 6 | BA35: =AV35+AL35 -> 5 | BB35: =AW35+AM35 -> 0 | BC35: =AZ35/AY35 -> 1.3333333
B36: =B34+1 -> 31 | C36: =C35+1 -> 29 | D36: Mi Jiajing | E36: 62 | F36: =IFERROR(IF(VLOOKUP($D36,'Dec 25'!$D$8:$AQ$43,39,0)=0,"",VLOOKUP($D36,'Dec 25'!$D$8:$AQ$43,39,0)),"") | G36: =IFERROR(IF(VLOOKUP($D36,'Dec 25'!$D$8:$AQ$43,40,0)=0,"",VLOOKUP($D36,'Dec 25'!$D$8:$AQ$43,40,0)),"") | K36: HO4 | N36: HO4 | X36: HO4 | AC36: HO5 | AH36: SB | AJ36: =IFERROR(VLOOKUP($D36,'Dec 25'!$D$8:$BL$43,57,0),0) -> 0 | AK36: =IFERROR(VLOOKUP($D36,'Dec 25'!$D$8:$BL$43,58,0),0) -> 0 | AL36: =IFERROR(VLOOKUP($D36,'Dec 25'!$D$8:$BL$43,59,0),0) -> 0 | AM36: =IFERROR(VLOOKUP($D36,'Dec 25'!$D$8:$BL$43,60,0),0) -> 0 | AN36: =COUNTIFS(H36:AH36,"HO*",$H$6:$AH$6,"<5") -> 2 | AO36: =COUNTIFS(H36:AH36,"HO*",$H$6:$AH$6,"5") -> 1 | AP36: =COUNTIFS(H36:AH36,"HO*",$H$6:$AH$6,"6")-COUNTIFS(H36:AH36,"HO6",$H$6:$AH$6,"6") -> 1 | AQ36: =COUNTIFS(H36:AH36,"HO*",$H$6:$AH$6,"7")-COUNTIFS(H36:AH36,"HO6",$H$6:$AH$6,"7") -> 0 | AR36: =COUNTIF(H36:AH36,"HO6") -> 0 | AS36: =COUNTIF(H36:AH36,"SB") -> 1 | AT36: =SUM(AN36:AQ36)+AR36*0.5 -> 4 | AU36: =AN36*1+AO36*1.5+AP36*2.5+AQ36*2+AR36*0.5 -> 6 | AV36: =COUNTIFS(H36:AH36,"",$H$6:$AH$6,">5")+COUNTIFS(H36:AH36,"X",$H$6:$AH$6,">5") -> 7 | AW36: =COUNTIF(H36:AH36,"WR*") -> 0 | AX36: =AU36/AT36 -> 1.5 | AY36: =AT36+AJ36 -> 4 | AZ36: =AU36+AK36 -> 6 | BA36: =AV36+AL36 -> 7 | BB36: =AW36+AM36 -> 0 | BC36: =AZ36/AY36 -> 1.5
B37: =B36+1 -> 32 | C37: =C36+1 -> 30 | D37: Gillian Xu | E37: 75 | F37: =IFERROR(IF(VLOOKUP($D37,'Dec 25'!$D$8:$AQ$43,39,0)=0,"",VLOOKUP($D37,'Dec 25'!$D$8:$AQ$43,39,0)),"") | G37: =IFERROR(IF(VLOOKUP($D37,'Dec 25'!$D$8:$AQ$43,40,0)=0,"",VLOOKUP($D37,'Dec 25'!$D$8:$AQ$43,40,0)),"") | J37: HO4 | R37: WR1 | U37: SB | AA37: HO4 | AF37: HO5 | AJ37: =IFERROR(VLOOKUP($D37,'Dec 25'!$D$8:$BL$43,57,0),0) -> 0 | AK37: =IFERROR(VLOOKUP($D37,'Dec 25'!$D$8:$BL$43,58,0),0) -> 0 | AL37: =IFERROR(VLOOKUP($D37,'Dec 25'!$D$8:$BL$43,59,0),0) -> 0 | AM37: =IFERROR(VLOOKUP($D37,'Dec 25'!$D$8:$BL$43,60,0),0) -> 0 | AN37: =COUNTIFS(H37:AH37,"HO*",$H$6:$AH$6,"<5") -> 1 | AO37: =COUNTIFS(H37:AH37,"HO*",$H$6:$AH$6,"5") -> 1 | AP37: =COUNTIFS(H37:AH37,"HO*",$H$6:$AH$6,"6")-COUNTIFS(H37:AH37,"HO6",$H$6:$AH$6,"6") -> 1 | AQ37: =COUNTIFS(H37:AH37,"HO*",$H$6:$AH$6,"7")-COUNTIFS(H37:AH37,"HO6",$H$6:$AH$6,"7") -> 0 | AR37: =COUNTIF(H37:AH37,"HO6") -> 0 | AS37: =COUNTIF(H37:AH37,"SB") -> 1 | AT37: =SUM(AN37:AQ37)+AR37*0.5 -> 3 | AU37: =AN37*1+AO37*1.5+AP37*2.5+AQ37*2+AR37*0.5 -> 5 | AV37: =COUNTIFS(H37:AH37,"",$H$6:$AH$6,">5")+COUNTIFS(H37:AH37,"X",$H$6:$AH$6,">5") -> 6 | AW37: =COUNTIF(H37:AH37,"WR*") -> 1 | AX37: =AU37/AT37 -> 1.6666667 | AY37: =AT37+AJ37 -> 3 | AZ37: =AU37+AK37 -> 5 | BA37: =AV37+AL37 -> 6 | BB37: =AW37+AM37 -> 1 | BC37: =AZ37/AY37 -> 1.6666667
B38: =B37+1 -> 33 | C38: =C37+1 -> 31 | D38: Lincoln Low | E38: 75 | F38: =IFERROR(IF(VLOOKUP($D38,'Dec 25'!$D$8:$AQ$43,39,0)=0,"",VLOOKUP($D38,'Dec 25'!$D$8:$AQ$43,39,0)),"") | G38: =IFERROR(IF(VLOOKUP($D38,'Dec 25'!$D$8:$AQ$43,40,0)=0,"",VLOOKUP($D38,'Dec 25'!$D$8:$AQ$43,40,0)),"") | L38: HO4 | Q38: HO5 | V38: HO3 | Z38: WR3 | AB38: HO4 | AJ38: =IFERROR(VLOOKUP($D38,'Dec 25'!$D$8:$BL$43,57,0),0) -> 0 | AK38: =IFERROR(VLOOKUP($D38,'Dec 25'!$D$8:$BL$43,58,0),0) -> 0 | AL38: =IFERROR(VLOOKUP($D38,'Dec 25'!$D$8:$BL$43,59,0),0) -> 0 | AM38: =IFERROR(VLOOKUP($D38,'Dec 25'!$D$8:$BL$43,60,0),0) -> 0 | AN38: =COUNTIFS(H38:AH38,"HO*",$H$6:$AH$6,"<5") -> 2 | AO38: =COUNTIFS(H38:AH38,"HO*",$H$6:$AH$6,"5") -> 1 | AP38: =COUNTIFS(H38:AH38,"HO*",$H$6:$AH$6,"6")-COUNTIFS(H38:AH38,"HO6",$H$6:$AH$6,"6") -> 0 | AQ38: =COUNTIFS(H38:AH38,"HO*",$H$6:$AH$6,"7")-COUNTIFS(H38:AH38,"HO6",$H$6:$AH$6,"7") -> 1 | AR38: =COUNTIF(H38:AH38,"HO6") -> 0 | AS38: =COUNTIF(H38:AH38,"SB") -> 0 | AT38: =SUM(AN38:AQ38)+AR38*0.5 -> 4 | AU38: =AN38*1+AO38*1.5+AP38*2.5+AQ38*2+AR38*0.5 -> 5.5 | AV38: =COUNTIFS(H38:AH38,"",$H$6:$AH$6,">5")+COUNTIFS(H38:AH38,"X",$H$6:$AH$6,">5") -> 6 | AW38: =COUNTIF(H38:AH38,"WR*") -> 1 | AX38: =AU38/AT38 -> 1.375 | AY38: =AT38+AJ38 -> 4 | AZ38: =AU38+AK38 -> 5.5 | BA38: =AV38+AL38 -> 6 | BB38: =AW38+AM38 -> 1 | BC38: =AZ38/AY38 -> 1.375
B39: =B38+1 -> 34 | C39: =C38+1 -> 32 | D39: Teo Kaye Min | E39: 75 HAE/ONC | F39: =IFERROR(IF(VLOOKUP($D39,'Dec 25'!$D$8:$AQ$43,39,0)=0,"",VLOOKUP($D39,'Dec 25'!$D$8:$AQ$43,39,0)),"") -> AL | G39: =IFERROR(IF(VLOOKUP($D39,'Dec 25'!$D$8:$AQ$43,40,0)=0,"",VLOOKUP($D39,'Dec 25'!$D$8:$AQ$43,40,0)),"") | H39: HO4 | T39: HO4 | Z39: HO1 | AD39: SB | AG39: HO4 | AJ39: =IFERROR(VLOOKUP($D39,'Dec 25'!$D$8:$BL$43,57,0),0) -> 9.5 | AK39: =IFERROR(VLOOKUP($D39,'Dec 25'!$D$8:$BL$43,58,0),0) -> 14 | AL39: =IFERROR(VLOOKUP($D39,'Dec 25'!$D$8:$BL$43,59,0),0) -> 22 | AM39: =IFERROR(VLOOKUP($D39,'Dec 25'!$D$8:$BL$43,60,0),0) -> 3 | AN39: =COUNTIFS(H39:AH39,"HO*",$H$6:$AH$6,"<5") -> 2 | AO39: =COUNTIFS(H39:AH39,"HO*",$H$6:$AH$6,"5") -> 0 | AP39: =COUNTIFS(H39:AH39,"HO*",$H$6:$AH$6,"6")-COUNTIFS(H39:AH39,"HO6",$H$6:$AH$6,"6") -> 0 | AQ39: =COUNTIFS(H39:AH39,"HO*",$H$6:$AH$6,"7")-COUNTIFS(H39:AH39,"HO6",$H$6:$AH$6,"7") -> 2 | AR39: =COUNTIF(H39:AH39,"HO6") -> 0 | AS39: =COUNTIF(H39:AH39,"SB") -> 1 | AT39: =SUM(AN39:AQ39)+AR39*0.5 -> 4 | AU39: =AN39*1+AO39*1.5+AP39*2.5+AQ39*2+AR39*0.5 -> 6 | AV39: =COUNTIFS(H39:AH39,"",$H$6:$AH$6,">5")+COUNTIFS(H39:AH39,"X",$H$6:$AH$6,">5") -> 6 | AW39: =COUNTIF(H39:AH39,"WR*") -> 0 | AX39: =AU39/AT39 -> 1.5 | AY39: =AT39+AJ39 -> 13.5 | AZ39: =AU39+AK39 -> 20 | BA39: =AV39+AL39 -> 28 | BB39: =AW39+AM39 -> 3 | BC39: =AZ39/AY39 -> 1.4814815
B40: =B39+1 -> 35 | C40: =C39+1 -> 33 | D40: Nicholas Han | E40: 76 HAE/ONC | F40: =IFERROR(IF(VLOOKUP($D40,'Dec 25'!$D$8:$AQ$43,39,0)=0,"",VLOOKUP($D40,'Dec 25'!$D$8:$AQ$43,39,0)),"") | G40: =IFERROR(IF(VLOOKUP($D40,'Dec 25'!$D$8:$AQ$43,40,0)=0,"",VLOOKUP($D40,'Dec 25'!$D$8:$AQ$43,40,0)),"") -> HO5 | H40: PRE-LEAVE | I40: LEAVE | J40: LEAVE | K40: LEAVE | L40: LEAVE | M40: LEAVE | N40: LEAVE | Q40: HO4 | V40: HO4 | AA40: LEAVE | AB40: LEAVE | AC40: LEAVE | AF40: HO4 | AJ40: =IFERROR(VLOOKUP($D40,'Dec 25'!$D$8:$BL$43,57,0),0) -> 10.5 | AK40: =IFERROR(VLOOKUP($D40,'Dec 25'!$D$8:$BL$43,58,0),0) -> 15 | AL40: =IFERROR(VLOOKUP($D40,'Dec 25'!$D$8:$BL$43,59,0),0) -> 22 | AM40: =IFERROR(VLOOKUP($D40,'Dec 25'!$D$8:$BL$43,60,0),0) -> 3 | AN40: =COUNTIFS(H40:AH40,"HO*",$H$6:$AH$6,"<5") -> 1 | AO40: =COUNTIFS(H40:AH40,"HO*",$H$6:$AH$6,"5") -> 1 | AP40: =COUNTIFS(H40:AH40,"HO*",$H$6:$AH$6,"6")-COUNTIFS(H40:AH40,"HO6",$H$6:$AH$6,"6") -> 1 | AQ40: =COUNTIFS(H40:AH40,"HO*",$H$6:$AH$6,"7")-COUNTIFS(H40:AH40,"HO6",$H$6:$AH$6,"7") -> 0 | AR40: =COUNTIF(H40:AH40,"HO6") -> 0 | AS40: =COUNTIF(H40:AH40,"SB") -> 0 | AT40: =SUM(AN40:AQ40)+AR40*0.5 -> 3 | AU40: =AN40*1+AO40*1.5+AP40*2.5+AQ40*2+AR40*0.5 -> 5 | AV40: =COUNTIFS(H40:AH40,"",$H$6:$AH$6,">5")+COUNTIFS(H40:AH40,"X",$H$6:$AH$6,">5") -> 5 | AW40: =COUNTIF(H40:AH40,"WR*") -> 0 | AX40: =AU40/AT40 -> 1.6666667 | AY40: =AT40+AJ40 -> 13.5 | AZ40: =AU40+AK40 -> 20 | BA40: =AV40+AL40 -> 27 | BB40: =AW40+AM40 -> 3 | BC40: =AZ40/AY40 -> 1.4814815
B41: =B40+1 -> 36 | C41: =C40+1 -> 34 | D41: Lai Jun Ting | E41: 76 HAE/ONC | F41: =IFERROR(IF(VLOOKUP($D41,'Dec 25'!$D$8:$AQ$43,39,0)=0,"",VLOOKUP($D41,'Dec 25'!$D$8:$AQ$43,39,0)),"") | G41: =IFERROR(IF(VLOOKUP($D41,'Dec 25'!$D$8:$AQ$43,40,0)=0,"",VLOOKUP($D41,'Dec 25'!$D$8:$AQ$43,40,0)),"") -> HO1 | M41: HO4 | N41: PRE-LEAVE | O41: LEAVE | P41: LEAVE | Q41: LEAVE | R41: LEAVE | S41: LEAVE | T41: LEAVE | U41: HO4 | Z41: WR2 | AA41: HO3 | AC41: SB | AG41: HO5 | AJ41: =IFERROR(VLOOKUP($D41,'Dec 25'!$D$8:$BL$43,57,0),0) -> 10 | AK41: =IFERROR(VLOOKUP($D41,'Dec 25'!$D$8:$BL$43,58,0),0) -> 15 | AL41: =IFERROR(VLOOKUP($D41,'Dec 25'!$D$8:$BL$43,59,0),0) -> 22 | AM41: =IFERROR(VLOOKUP($D41,'Dec 25'!$D$8:$BL$43,60,0),0) -> 3 | AN41: =COUNTIFS(H41:AH41,"HO*",$H$6:$AH$6,"<5") -> 3 | AO41: =COUNTIFS(H41:AH41,"HO*",$H$6:$AH$6,"5") -> 0 | AP41: =COUNTIFS(H41:AH41,"HO*",$H$6:$AH$6,"6")-COUNTIFS(H41:AH41,"HO6",$H$6:$AH$6,"6") -> 0 | AQ41: =COUNTIFS(H41:AH41,"HO*",$H$6:$AH$6,"7")-COUNTIFS(H41:AH41,"HO6",$H$6:$AH$6,"7") -> 1 | AR41: =COUNTIF(H41:AH41,"HO6") -> 0 | AS41: =COUNTIF(H41:AH41,"SB") -> 1 | AT41: =SUM(AN41:AQ41)+AR41*0.5 -> 4 | AU41: =AN41*1+AO41*1.5+AP41*2.5+AQ41*2+AR41*0.5 -> 5 | AV41: =COUNTIFS(H41:AH41,"",$H$6:$AH$6,">5")+COUNTIFS(H41:AH41,"X",$H$6:$AH$6,">5") -> 4 | AW41: =COUNTIF(H41:AH41,"WR*") -> 1 | AX41: =AU41/AT41 -> 1.25 | AY41: =AT41+AJ41 -> 14 | AZ41: =AU41+AK41 -> 20 | BA41: =AV41+AL41 -> 26 | BB41: =AW41+AM41 -> 4 | BC41: =AZ41/AY41 -> 1.4285714
B42: =B41+1 -> 37 | C42: =C41+1 -> 35 | D42: Glenda Wee | E42: CVM | F42: =IFERROR(IF(VLOOKUP($D42,'Dec 25'!$D$8:$AQ$43,39,0)=0,"",VLOOKUP($D42,'Dec 25'!$D$8:$AQ$43,39,0)),"") | G42: =IFERROR(IF(VLOOKUP($D42,'Dec 25'!$D$8:$AQ$43,40,0)=0,"",VLOOKUP($D42,'Dec 25'!$D$8:$AQ$43,40,0)),"") | H42: HO5 | M42: HO3 | R42: SB | U42: HO5 | V42: PRE-LEAVE | W42: LEAVE | X42: LEAVE | Y42: LEAVE | Z42: LEAVE | AA42: LEAVE | AF42: HO1 | AJ42: =IFERROR(VLOOKUP($D42,'Dec 25'!$D$8:$BL$43,57,0),0) -> 9 | AK42: =IFERROR(VLOOKUP($D42,'Dec 25'!$D$8:$BL$43,58,0),0) -> 14.5 | AL42: =IFERROR(VLOOKUP($D42,'Dec 25'!$D$8:$BL$43,59,0),0) -> 22 | AM42: =IFERROR(VLOOKUP($D42,'Dec 25'!$D$8:$BL$43,60,0),0) -> 3 | AN42: =COUNTIFS(H42:AH42,"HO*",$H$6:$AH$6,"<5") -> 3 | AO42: =COUNTIFS(H42:AH42,"HO*",$H$6:$AH$6,"5") -> 0 | AP42: =COUNTIFS(H42:AH42,"HO*",$H$6:$AH$6,"6")-COUNTIFS(H42:AH42,"HO6",$H$6:$AH$6,"6") -> 1 | AQ42: =COUNTIFS(H42:AH42,"HO*",$H$6:$AH$6,"7")-COUNTIFS(H42:AH42,"HO6",$H$6:$AH$6,"7") -> 0 | AR42: =COUNTIF(H42:AH42,"HO6") -> 0 | AS42: =COUNTIF(H42:AH42,"SB") -> 1 | AT42: =SUM(AN42:AQ42)+AR42*0.5 -> 4 | AU42: =AN42*1+AO42*1.5+AP42*2.5+AQ42*2+AR42*0.5 -> 5.5 | AV42: =COUNTIFS(H42:AH42,"",$H$6:$AH$6,">5")+COUNTIFS(H42:AH42,"X",$H$6:$AH$6,">5") -> 4 | AW42: =COUNTIF(H42:AH42,"WR*") -> 0 | AX42: =AU42/AT42 -> 1.375 | AY42: =AT42+AJ42 -> 13 | AZ42: =AU42+AK42 -> 20 | BA42: =AV42+AL42 -> 26 | BB42: =AW42+AM42 -> 3 | BC42: =AZ42/AY42 -> 1.5384615
B43: =B42+1 -> 38 | C43: =C42+1 -> 36 | D43: Elizabeth Cheng | E43: HD | F43: =IFERROR(IF(VLOOKUP($D43,'Dec 25'!$D$8:$AQ$43,39,0)=0,"",VLOOKUP($D43,'Dec 25'!$D$8:$AQ$43,39,0)),"") -> AL | G43: =IFERROR(IF(VLOOKUP($D43,'Dec 25'!$D$8:$AQ$43,40,0)=0,"",VLOOKUP($D43,'Dec 25'!$D$8:$AQ$43,40,0)),"") -> AL | H43: LEAVE | I43: HO1 | M43: SB | P43: HO1 | T43: LEAVE | Y43: HO1 | AD43: HO3 | AF43: WR1 | AJ43: =IFERROR(VLOOKUP($D43,'Dec 25'!$D$8:$BL$43,57,0),0) -> 9 | AK43: =IFERROR(VLOOKUP($D43,'Dec 25'!$D$8:$BL$43,58,0),0) -> 14 | AL43: =IFERROR(VLOOKUP($D43,'Dec 25'!$D$8:$BL$43,59,0),0) -> 23 | AM43: =IFERROR(VLOOKUP($D43,'Dec 25'!$D$8:$BL$43,60,0),0) -> 3 | AN43: =COUNTIFS(H43:AH43,"HO*",$H$6:$AH$6,"<5") -> 3 | AO43: =COUNTIFS(H43:AH43,"HO*",$H$6:$AH$6,"5") -> 0 | AP43: =COUNTIFS(H43:AH43,"HO*",$H$6:$AH$6,"6")-COUNTIFS(H43:AH43,"HO6",$H$6:$AH$6,"6") -> 1 | AQ43: =COUNTIFS(H43:AH43,"HO*",$H$6:$AH$6,"7")-COUNTIFS(H43:AH43,"HO6",$H$6:$AH$6,"7") -> 0 | AR43: =COUNTIF(H43:AH43,"HO6") -> 0 | AS43: =COUNTIF(H43:AH43,"SB") -> 1 | AT43: =SUM(AN43:AQ43)+AR43*0.5 -> 4 | AU43: =AN43*1+AO43*1.5+AP43*2.5+AQ43*2+AR43*0.5 -> 5.5 | AV43: =COUNTIFS(H43:AH43,"",$H$6:$AH$6,">5")+COUNTIFS(H43:AH43,"X",$H$6:$AH$6,">5") -> 6 | AW43: =COUNTIF(H43:AH43,"WR*") -> 1 | AX43: =AU43/AT43 -> 1.375 | AY43: =AT43+AJ43 -> 13 | AZ43: =AU43+AK43 -> 19.5 | BA43: =AV43+AL43 -> 29 | BB43: =AW43+AM43 -> 4 | BC43: =AZ43/AY43 -> 1.5
B44: =B43+1 -> 39 | C44: =C43+1 -> 37 | D44: Grace Cheng | E44: HD | F44: =IFERROR(IF(VLOOKUP($D44,'Dec 25'!$D$8:$AQ$43,39,0)=0,"",VLOOKUP($D44,'Dec 25'!$D$8:$AQ$43,39,0)),"") | G44: =IFERROR(IF(VLOOKUP($D44,'Dec 25'!$D$8:$AQ$43,40,0)=0,"",VLOOKUP($D44,'Dec 25'!$D$8:$AQ$43,40,0)),"") -> HO3 | K44: SB | Q44: HO1 | T44: HO1 | W44: HO1 | Z44: HO6 | AD44: HO1 | AG44: PRE-LEAVE | AH44: LEAVE | AJ44: =IFERROR(VLOOKUP($D44,'Dec 25'!$D$8:$BL$43,57,0),0) -> 10 | AK44: =IFERROR(VLOOKUP($D44,'Dec 25'!$D$8:$BL$43,58,0),0) -> 14.5 | AL44: =IFERROR(VLOOKUP($D44,'Dec 25'!$D$8:$BL$43,59,0),0) -> 22 | AM44: =IFERROR(VLOOKUP($D44,'Dec 25'!$D$8:$BL$43,60,0),0) -> 3 | AN44: =COUNTIFS(H44:AH44,"HO*",$H$6:$AH$6,"<5") -> 3 | AO44: =COUNTIFS(H44:AH44,"HO*",$H$6:$AH$6,"5") -> 1 | AP44: =COUNTIFS(H44:AH44,"HO*",$H$6:$AH$6,"6")-COUNTIFS(H44:AH44,"HO6",$H$6:$AH$6,"6") -> 0 | AQ44: =COUNTIFS(H44:AH44,"HO*",$H$6:$AH$6,"7")-COUNTIFS(H44:AH44,"HO6",$H$6:$AH$6,"7") -> 0 | AR44: =COUNTIF(H44:AH44,"HO6") -> 1 | AS44: =COUNTIF(H44:AH44,"SB") -> 1 | AT44: =SUM(AN44:AQ44)+AR44*0.5 -> 4.5 | AU44: =AN44*1+AO44*1.5+AP44*2.5+AQ44*2+AR44*0.5 -> 5 | AV44: =COUNTIFS(H44:AH44,"",$H$6:$AH$6,">5")+COUNTIFS(H44:AH44,"X",$H$6:$AH$6,">5") -> 5 | AW44: =COUNTIF(H44:AH44,"WR*") -> 0 | AX44: =AU44/AT44 -> 1.1111111 | AY44: =AT44+AJ44 -> 14.5 | AZ44: =AU44+AK44 -> 19.5 | BA44: =AV44+AL44 -> 27 | BB44: =AW44+AM44 -> 3 | BC44: =AZ44/AY44 -> 1.3448276
E46: Check | H46: =AND(H47=1,H48=1,H49=1,H50=1,H51=1,H54=1,OR(SUM(H52:H53)=0,SUM(H52:H53)=4)) -> TRUE | I46: =AND(I47=1,I48=1,I49=1,I50=1,I51=1,I54=1,OR(SUM(I52:I53)=0,SUM(I52:I53)=4)) -> TRUE | J46: =AND(J47=1,J48=1,J49=1,J50=1,J51=1,J54=1,OR(SUM(J52:J53)=0,SUM(J52:J53)=4)) -> TRUE | K46: =AND(K47=1,K48=1,K49=1,K50=1,K51=1,K54=1,OR(SUM(K52:K53)=0,SUM(K52:K53)=4)) -> TRUE | L46: =AND(L47=1,L48=1,L49=1,L50=1,L51=1,L54=1,OR(SUM(L52:L53)=0,SUM(L52:L53)=4)) -> TRUE | M46: =AND(M47=1,M48=1,M49=1,M50=1,M51=1,M54=1,OR(SUM(M52:M53)=0,SUM(M52:M53)=4)) -> TRUE | N46: =AND(N47=1,N48=1,N49=1,N50=1,N51=1,N54=1,OR(SUM(N52:N53)=0,SUM(N52:N53)=4)) -> TRUE | O46: =AND(O47=1,O48=1,O49=1,O50=1,O51=1,O54=1,OR(SUM(O52:O53)=0,SUM(O52:O53)=4)) -> TRUE | ... AH46: =AND(AH47=1,AH48=1,AH49=1,AH50=1,AH51=1,AH54=1,OR(SUM(AH52:AH53)=0,SUM(AH52:AH53)=4)) -> TRUE
E47: HO1 | H47: =COUNTIFS(H$8:H$44,$E47) -> 1 | I47: =COUNTIFS(I$8:I$44,$E47) -> 1 | J47: =COUNTIFS(J$8:J$44,$E47) -> 1 | K47: =COUNTIFS(K$8:K$44,$E47) -> 1 | L47: =COUNTIFS(L$8:L$44,$E47) -> 1 | M47: =COUNTIFS(M$8:M$44,$E47) -> 1 | N47: =COUNTIFS(N$8:N$44,$E47) -> 1 | O47: =COUNTIFS(O$8:O$44,$E47) -> 1 | ... AH47: =COUNTIFS(AH$8:AH$44,$E47) -> 1
E48: HO2 | H48: =COUNTIFS(H$8:H$44,$E48) -> 1 | I48: =COUNTIFS(I$8:I$44,$E48) -> 1 | J48: =COUNTIFS(J$8:J$44,$E48) -> 1 | K48: =COUNTIFS(K$8:K$44,$E48) -> 1 | L48: =COUNTIFS(L$8:L$44,$E48) -> 1 | M48: =COUNTIFS(M$8:M$44,$E48) -> 1 | N48: =COUNTIFS(N$8:N$44,$E48) -> 1 | O48: =COUNTIFS(O$8:O$44,$E48) -> 1 | ... AH48: =COUNTIFS(AH$8:AH$44,$E48) -> 1
E49: HO3 | H49: =COUNTIFS(H$8:H$44,$E49) -> 1 | I49: =COUNTIFS(I$8:I$44,$E49) -> 1 | J49: =COUNTIFS(J$8:J$44,$E49) -> 1 | K49: =COUNTIFS(K$8:K$44,$E49) -> 1 | L49: =COUNTIFS(L$8:L$44,$E49) -> 1 | M49: =COUNTIFS(M$8:M$44,$E49) -> 1 | N49: =COUNTIFS(N$8:N$44,$E49) -> 1 | O49: =COUNTIFS(O$8:O$44,$E49) -> 1 | ... AH49: =COUNTIFS(AH$8:AH$44,$E49) -> 1
E50: HO4 | H50: =COUNTIFS(H$8:H$44,$E50) -> 1 | I50: =COUNTIFS(I$8:I$44,$E50) -> 1 | J50: =COUNTIFS(J$8:J$44,$E50) -> 1 | K50: =COUNTIFS(K$8:K$44,$E50) -> 1 | L50: =COUNTIFS(L$8:L$44,$E50) -> 1 | M50: =COUNTIFS(M$8:M$44,$E50) -> 1 | N50: =COUNTIFS(N$8:N$44,$E50) -> 1 | O50: =COUNTIFS(O$8:O$44,$E50) -> 1 | ... AH50: =COUNTIFS(AH$8:AH$44,$E50) -> 1
E51: HO5 | H51: =COUNTIFS(H$8:H$44,$E51) -> 1 | I51: =COUNTIFS(I$8:I$44,$E51) -> 1 | J51: =COUNTIFS(J$8:J$44,$E51) -> 1 | K51: =COUNTIFS(K$8:K$44,$E51) -> 1 | L51: =COUNTIFS(L$8:L$44,$E51) -> 1 | M51: =COUNTIFS(M$8:M$44,$E51) -> 1 | N51: =COUNTIFS(N$8:N$44,$E51) -> 1 | O51: =COUNTIFS(O$8:O$44,$E51) -> 1 | ... AH51: =COUNTIFS(AH$8:AH$44,$E51) -> 1
E52: HO6 | H52: =COUNTIFS(H$8:H$44,$E52) -> 0 | I52: =COUNTIFS(I$8:I$44,$E52) -> 0 | J52: =COUNTIFS(J$8:J$44,$E52) -> 0 | K52: =COUNTIFS(K$8:K$44,$E52) -> 1 | L52: =COUNTIFS(L$8:L$44,$E52) -> 1 | M52: =COUNTIFS(M$8:M$44,$E52) -> 0 | N52: =COUNTIFS(N$8:N$44,$E52) -> 0 | O52: =COUNTIFS(O$8:O$44,$E52) -> 0 | ... AH52: =COUNTIFS(AH$8:AH$44,$E52) -> 0
E53: Rounder | H53: =COUNTIFS(H$8:H$44,"WR*") -> 0 | I53: =COUNTIFS(I$8:I$44,"WR*") -> 0 | J53: =COUNTIFS(J$8:J$44,"WR*") -> 0 | K53: =COUNTIFS(K$8:K$44,"WR*") -> 3 | L53: =COUNTIFS(L$8:L$44,"WR*") -> 3 | M53: =COUNTIFS(M$8:M$44,"WR*") -> 0 | N53: =COUNTIFS(N$8:N$44,"WR*") -> 0 | O53: =COUNTIFS(O$8:O$44,"WR*") -> 0 | ... AH53: =COUNTIFS(AH$8:AH$44,"WR*") -> 0
E54: Standby | H54: =COUNTIFS(H$8:H$44,"SB") -> 1 | I54: =COUNTIFS(I$8:I$44,"SB") -> 1 | J54: =COUNTIFS(J$8:J$44,"SB") -> 1 | K54: =COUNTIFS(K$8:K$44,"SB") -> 1 | L54: =COUNTIFS(L$8:L$44,"SB") -> 1 | M54: =COUNTIFS(M$8:M$44,"SB") -> 1 | N54: =COUNTIFS(N$8:N$44,"SB") -> 1 | O54: =COUNTIFS(O$8:O$44,"SB") -> 1 | ... AH54: =COUNTIFS(AH$8:AH$44,"SB") -> 1
D56: Legend
D57: REQUEST | E57: Call request
D58: BLOCK | E58: Call block
D59: LEAVE | E59: AL/Autoblock
D60: PRE-LEAVE | E60: Pre-leave
D61: POSTCALL | E61: Post call
D62: WR | E62: Weekend Rounder
D63: SB | E63: Standby
C65: Call coverage
C66: HO1 | D66: Ward 31, 51, 65 (HD)
C67: HO2 | D67: Ward 46, 56, 85
C68: HO3 | D68: Ward 41, 66, 44
C69: HO4 | D69: Ward 62, 75, 76 (ONC)
C70: HO5 | D70: Ward 55, 85
C71: HO6 | D71: Ward 62, 66 (passive) on weekend until 1730H
C73: Call points
C74: Weekday | E74: 1
C75: Friday/Pre-PH | E75: 1.5
C76: Saturday/PH | E76: 2.5
C77: Sunday | E77: 2
C78: HO6 | E78: 0.5

Sheet Dec 25
D2: 1 | E2: =D2+1 -> 2 | F2: =E2+1 -> 3 | G2: =F2+1 -> 4 | H2: =G2+1 -> 5 | I2: =H2+1 -> 6 | J2: =I2+1 -> 7 | K2: =J2+1 -> 8 | L2: =K2+1 -> 9 | ... BL2: =BK2+1 -> 61
D3: 45992 | E3: PH? | F3: N | G3: N | H3: N | I3: N | J3: N | K3: N | L3: N | M3: N | N3: N | O3: N | P3: N | Q3: N | R3: N | S3: N | T3: N | U3: N | V3: N | W3: N | X3: N | Y3: N | Z3: N | AA3: N | AB3: N | AC3: N | AD3: N | AE3: Y | AF3: N | AG3: N | AH3: N | AI3: N | AJ3: N | AK3: N | AL3: Y | AM3: N | AN3: N | AO3: N | AP3: N | AQ3: N | AS3: Imported
F4: Last cycle | H4: New cycle | AS4: Last cycle | AW4: This cycle
B5: 1 | F5: 45991 | G5: =F5+1 -> 45992 | H5: =G5+1 -> 45993 | I5: =H5+1 -> 45994 | J5: =I5+1 -> 45995 | K5: =J5+1 -> 45996 | L5: =K5+1 -> 45997 | M5: =L5+1 -> 45998 | N5: =M5+1 -> 45999 | ... AQ5: =AP5+1 -> 46028 | AS5: Culmulative | AW5: Calls | BC5: Calculated | BH5: Culmulative
B6: =B5+1 -> 2 | F6: =WEEKDAY(F5,2) -> 7 | G6: =WEEKDAY(G5,2) -> 1 | H6: =WEEKDAY(H5,2) -> 2 | I6: =WEEKDAY(I5,2) -> 3 | J6: =WEEKDAY(J5,2) -> 4 | K6: =WEEKDAY(K5,2) -> 5 | L6: =WEEKDAY(L5,2) -> 6 | M6: =WEEKDAY(M5,2) -> 7 | ... AC6: =WEEKDAY(AC5,2) -> 2 | AD6: 5 | AE6: 6 | AF6: =WEEKDAY(AF5,2) -> 5 | AG6: =WEEKDAY(AG5,2) -> 6 | AH6: =WEEKDAY(AH5,2) -> 7 | AI6: =WEEKDAY(AI5,2) -> 1 | AJ6: =WEEKDAY(AJ5,2) -> 2 | AK6: 5 | AL6: 6 | AM6: =WEEKDAY(AM5,2) -> 5 | AN6: =WEEKDAY(AN5,2) -> 6 | AO6: =WEEKDAY(AO5,2) -> 7 | AP6: =WEEKDAY(AP5,2) -> 1 | AQ6: =WEEKDAY(AQ5,2) -> 2
B7: =B6+1 -> 3 | C7: S/N | D7: House Officers | E7: Home ward | F7: =VLOOKUP(WEEKDAY(F5,2),Index!$B$2:$C$8,2,0) -> Sunday | G7: =VLOOKUP(WEEKDAY(G5,2),Index!$B$2:$C$8,2,0) -> Monday | H7: =VLOOKUP(WEEKDAY(H5,2),Index!$B$2:$C$8,2,0) -> Tuesday | I7: =VLOOKUP(WEEKDAY(I5,2),Index!$B$2:$C$8,2,0) -> Wednesday | J7: =VLOOKUP(WEEKDAY(J5,2),Index!$B$2:$C$8,2,0) -> Thursday | K7: =VLOOKUP(WEEKDAY(K5,2),Index!$B$2:$C$8,2,0) -> Friday | L7: =VLOOKUP(WEEKDAY(L5,2),Index!$B$2:$C$8,2,0) -> Saturday | M7: =VLOOKUP(WEEKDAY(M5,2),Index!$B$2:$C$8,2,0) -> Sunday | ... AQ7: =VLOOKUP(WEEKDAY(AQ5,2),Index!$B$2:$C$8,2,0) -> Tuesday | AS7: # of calls | AT7: Call points | AU7: Weekends off | AV7: Weekend rounds | AW7: Weekday | AX7: Friday/Pre-PH | AY7: Satuday/PH | AZ7: Sunday | BA7: HO6 | BB7: S | BC7: # of calls | BD7: Call points | BE7: Weekends off | BF7: Weekend rounds | BG7: Average points per call | BH7: # of calls | BI7: Call points | BJ7: Weekends off | BK7: Weekend rounds | BL7: Average points per call
B8: =B7+1 -> 4 | C8: 1 | D8: Ashlee Tan | E8: 31 | F8: =IFERROR(IF(VLOOKUP($D8,'Nov 25'!$D$8:$AI$43,31,0)=0,"",VLOOKUP($D8,'Nov 25'!$D$8:$AI$43,31,0)),"") | G8: =IFERROR(IF(VLOOKUP($D8,'Nov 25'!$D$8:$AI$43,32,0)=0,"",VLOOKUP($D8,'Nov 25'!$D$8:$AI$43,32,0)),"") | I8: S | M8: HO2 | P8: HO5 | T8: HO1 | W8: AL | X8: AL | Y8: AL | Z8: AB | AA8: AB | AB8: AL | AC8: AL | AD8: AL | AH8: WR1 | AJ8: HO1 | AO8: WR1 | AS8: =IFERROR(VLOOKUP($D8,'Nov 25'!$D$8:$BD$51,49,0),0) -> 13 | AT8: =IFERROR(VLOOKUP($D8,'Nov 25'!$D$8:$BD$51,50,0),0) -> 21 | AU8: =IFERROR(VLOOKUP($D8,'Nov 25'!$D$8:$BD$51,51,0),0) -> 18 | AV8: =IFERROR(VLOOKUP($D8,'Nov 25'!$D$8:$BD$51,52,0),0) -> 1 | AW8: =COUNTIFS(H8:AQ8,"HO*",$H$6:$AQ$6,"<5") -> 2 | AX8: =COUNTIFS(H8:AQ8,"HO*",$H$6:$AQ$6,"5") -> 0 | AY8: =COUNTIFS(H8:AQ8,"HO*",$H$6:$AQ$6,"6")-COUNTIFS(H8:AQ8,"HO6",$H$6:$AQ$6,"6") -> 0 | AZ8: =COUNTIFS(H8:AQ8,"HO*",$H$6:$AQ$6,"7")-COUNTIFS(H8:AQ8,"HO6",$H$6:$AQ$6,"7") -> 2 | BA8: =COUNTIF(H8:AQ8,"HO6") -> 0 | BB8: =COUNTIF(H8:AQ8,"S") -> 1 | BC8: =SUM(AW8:AZ8)+BA8*0.5 -> 4 | BD8: =AW8*1+AX8*1.5+AY8*2.5+AZ8*2+BA8*0.5 -> 6 | BE8: =COUNTIFS(H8:AQ8,"",$H$6:$AQ$6,">5")+COUNTIFS(H8:AQ8,"X",$H$6:$AQ$6,">5") -> 6 | BF8: =COUNTIF(H8:AQ8,"WR*") -> 2 | BG8: =BD8/BC8 -> 1.5 | BH8: =BC8+AS8 -> 17 | BI8: =BD8+AT8 -> 27 | BJ8: =BE8+AU8 -> 24 | BK8: =BF8+AV8 -> 3 | BL8: =BI8/BH8 -> 1.5882353
B9: =B8+1 -> 5 | C9: =C8+1 -> 2 | D9: Marcus Chua | E9: 31 | F9: =IFERROR(IF(VLOOKUP($D9,'Nov 25'!$D$8:$AI$43,31,0)=0,"",VLOOKUP($D9,'Nov 25'!$D$8:$AI$43,31,0)),"") | G9: =IFERROR(IF(VLOOKUP($D9,'Nov 25'!$D$8:$AI$43,32,0)=0,"",VLOOKUP($D9,'Nov 25'!$D$8:$AI$43,32,0)),"") | M9: WR1 | N9: HO3 | S9: HO1 | W9: HO2 | AA9: HO4 | AG9: HO6 | AN9: S | AS9: =IFERROR(VLOOKUP($D9,'Nov 25'!$D$8:$BD$51,49,0),0) -> 13 | AT9: =IFERROR(VLOOKUP($D9,'Nov 25'!$D$8:$BD$51,50,0),0) -> 20 | AU9: =IFERROR(VLOOKUP($D9,'Nov 25'!$D$8:$BD$51,51,0),0) -> 17 | AV9: =IFERROR(VLOOKUP($D9,'Nov 25'!$D$8:$BD$51,52,0),0) -> 1 | AW9: =COUNTIFS(H9:AQ9,"HO*",$H$6:$AQ$6,"<5") -> 2 | AX9: =COUNTIFS(H9:AQ9,"HO*",$H$6:$AQ$6,"5") -> 0 | AY9: =COUNTIFS(H9:AQ9,"HO*",$H$6:$AQ$6,"6")-COUNTIFS(H9:AQ9,"HO6",$H$6:$AQ$6,"6") -> 1 | AZ9: =COUNTIFS(H9:AQ9,"HO*",$H$6:$AQ$6,"7")-COUNTIFS(H9:AQ9,"HO6",$H$6:$AQ$6,"7") -> 1 | BA9: =COUNTIF(H9:AQ9,"HO6") -> 1 | BB9: =COUNTIF(H9:AQ9,"S") -> 1 | BC9: =SUM(AW9:AZ9)+BA9*0.5 -> 4.5 | BD9: =AW9*1+AX9*1.5+AY9*2.5+AZ9*2+BA9*0.5 -> 7 | BE9: =COUNTIFS(H9:AQ9,"",$H$6:$AQ$6,">5")+COUNTIFS(H9:AQ9,"X",$H$6:$AQ$6,">5") -> 7 | BF9: =COUNTIF(H9:AQ9,"WR*") -> 1 | BG9: =BD9/BC9 -> 1.5555556 | BH9: =BC9+AS9 -> 17.5 | BI9: =BD9+AT9 -> 27 | BJ9: =BE9+AU9 -> 24 | BK9: =BF9+AV9 -> 2 | BL9: =BI9/BH9 -> 1.5428571
B10: =B9+1 -> 6 | C10: =C9+1 -> 3 | D10: Lai Jun Ting | E10: 31 | F10: =IFERROR(IF(VLOOKUP($D10,'Nov 25'!$D$8:$AI$43,31,0)=0,"",VLOOKUP($D10,'Nov 25'!$D$8:$AI$43,31,0)),"") -> HO5 | G10: =IFERROR(IF(VLOOKUP($D10,'Nov 25'!$D$8:$AI$43,32,0)=0,"",VLOOKUP($D10,'Nov 25'!$D$8:$AI$43,32,0)),"") | I10: HO1 | L10: HO5 | T10: HO5 | Y10: S | AB10: HO5 | AE10: WR1 | AM10: HO1 | AQ10: HO1 | AS10: =IFERROR(VLOOKUP($D10,'Nov 25'!$D$8:$BD$51,49,0),0) -> 4 | AT10: =IFERROR(VLOOKUP($D10,'Nov 25'!$D$8:$BD$51,50,0),0) -> 6 | AU10: =IFERROR(VLOOKUP($D10,'Nov 25'!$D$8:$BD$51,51,0),0) -> 13 | AV10: =IFERROR(VLOOKUP($D10,'Nov 25'!$D$8:$BD$51,52,0),0) -> 2 | AW10: =COUNTIFS(H10:AQ10,"HO*",$H$6:$AQ$6,"<5") -> 3 | AX10: =COUNTIFS(H10:AQ10,"HO*",$H$6:$AQ$6,"5") -> 1 | AY10: =COUNTIFS(H10:AQ10,"HO*",$H$6:$AQ$6,"6")-COUNTIFS(H10:AQ10,"HO6",$H$6:$AQ$6,"6") -> 1 | AZ10: =COUNTIFS(H10:AQ10,"HO*",$H$6:$AQ$6,"7")-COUNTIFS(H10:AQ10,"HO6",$H$6:$AQ$6,"7") -> 1 | BA10: =COUNTIF(H10:AQ10,"HO6") -> 0 | BB10: =COUNTIF(H10:AQ10,"S") -> 1 | BC10: =SUM(AW10:AZ10)+BA10*0.5 -> 6 | BD10: =AW10*1+AX10*1.5+AY10*2.5+AZ10*2+BA10*0.5 -> 9 | BE10: =COUNTIFS(H10:AQ10,"",$H$6:$AQ$6,">5")+COUNTIFS(H10:AQ10,"X",$H$6:$AQ$6,">5") -> 9 | BF10: =COUNTIF(H10:AQ10,"WR*") -> 1 | BG10: =BD10/BC10 -> 1.5 | BH10: =BC10+AS10 -> 10 | BI10: =BD10+AT10 -> 15 | BJ10: =BE10+AU10 -> 22 | BK10: =BF10+AV10 -> 3 | BL10: =BI10/BH10 -> 1.5
B11: =B10+1 -> 7 | C11: =C10+1 -> 4 | D11: Ruth Teo | E11: 55 | F11: =IFERROR(IF(VLOOKUP($D11,'Nov 25'!$D$8:$AI$43,31,0)=0,"",VLOOKUP($D11,'Nov 25'!$D$8:$AI$43,31,0)),"") -> WR3 | G11: =IFERROR(IF(VLOOKUP($D11,'Nov 25'!$D$8:$AI$43,32,0)=0,"",VLOOKUP($D11,'Nov 25'!$D$8:$AI$43,32,0)),"") | J11: HO1 | M11: S | O11: AL | P11: AL | Q11: AL | R11: AL | S11: AB | T11: AB | U11: AL | V11: AL | W11: HO1 | AA11: WR1 | AD11: HO2 | AG11: WR1 | AI11: HO1 | AN11: HO2 | AS11: =IFERROR(VLOOKUP($D11,'Nov 25'!$D$8:$BD$51,49,0),0) -> 13.5 | AT11: =IFERROR(VLOOKUP($D11,'Nov 25'!$D$8:$BD$51,50,0),0) -> 20 | AU11: =IFERROR(VLOOKUP($D11,'Nov 25'!$D$8:$BD$51,51,0),0) -> 20 | AV11: =IFERROR(VLOOKUP($D11,'Nov 25'!$D$8:$BD$51,52,0),0) -> 2 | AW11: =COUNTIFS(H11:AQ11,"HO*",$H$6:$AQ$6,"<5") -> 3 | AX11: =COUNTIFS(H11:AQ11,"HO*",$H$6:$AQ$6,"5") -> 1 | AY11: =COUNTIFS(H11:AQ11,"HO*",$H$6:$AQ$6,"6")-COUNTIFS(H11:AQ11,"HO6",$H$6:$AQ$6,"6") -> 1 | AZ11: =COUNTIFS(H11:AQ11,"HO*",$H$6:$AQ$6,"7")-COUNTIFS(H11:AQ11,"HO6",$H$6:$AQ$6,"7") -> 0 | BA11: =COUNTIF(H11:AQ11,"HO6") -> 0 | BB11: =COUNTIF(H11:AQ11,"S") -> 1 | BC11: =SUM(AW11:AZ11)+BA11*0.5 -> 5 | BD11: =AW11*1+AX11*1.5+AY11*2.5+AZ11*2+BA11*0.5 -> 7 | BE11: =COUNTIFS(H11:AQ11,"",$H$6:$AQ$6,">5")+COUNTIFS(H11:AQ11,"X",$H$6:$AQ$6,">5") -> 6 | BF11: =COUNTIF(H11:AQ11,"WR*") -> 2 | BG11: =BD11/BC11 -> 1.4 | BH11: =BC11+AS11 -> 18.5 | BI11: =BD11+AT11 -> 27 | BJ11: =BE11+AU11 -> 26 | BK11: =BF11+AV11 -> 4 | BL11: =BI11/BH11 -> 1.4594595
B12: =B11+1 -> 8 | C12: =C11+1 -> 5 | D12: Elizabeth Cheng | E12: 55 | F12: =IFERROR(IF(VLOOKUP($D12,'Nov 25'!$D$8:$AI$43,31,0)=0,"",VLOOKUP($D12,'Nov 25'!$D$8:$AI$43,31,0)),"") | G12: =IFERROR(IF(VLOOKUP($D12,'Nov 25'!$D$8:$AI$43,32,0)=0,"",VLOOKUP($D12,'Nov 25'!$D$8:$AI$43,32,0)),"") -> HO1 | L12: WR2 | R12: HO1 | U12: S | Z12: WR1 | AB12: HO1 | AH12: HO5 | AL12: HO1 | AP12: AL | AQ12: AL | AS12: =IFERROR(VLOOKUP($D12,'Nov 25'!$D$8:$BD$51,49,0),0) -> 5 | AT12: =IFERROR(VLOOKUP($D12,'Nov 25'!$D$8:$BD$51,50,0),0) -> 7 | AU12: =IFERROR(VLOOKUP($D12,'Nov 25'!$D$8:$BD$51,51,0),0) -> 15 | AV12: =IFERROR(VLOOKUP($D12,'Nov 25'!$D$8:$BD$51,52,0),0) -> 1 | AW12: =COUNTIFS(H12:AQ12,"HO*",$H$6:$AQ$6,"<5") -> 1 | AX12: =COUNTIFS(H12:AQ12,"HO*",$H$6:$AQ$6,"5") -> 1 | AY12: =COUNTIFS(H12:AQ12,"HO*",$H$6:$AQ$6,"6")-COUNTIFS(H12:AQ12,"HO6",$H$6:$AQ$6,"6") -> 1 | AZ12: =COUNTIFS(H12:AQ12,"HO*",$H$6:$AQ$6,"7")-COUNTIFS(H12:AQ12,"HO6",$H$6:$AQ$6,"7") -> 1 | BA12: =COUNTIF(H12:AQ12,"HO6") -> 0 | BB12: =COUNTIF(H12:AQ12,"S") -> 1 | BC12: =SUM(AW12:AZ12)+BA12*0.5 -> 4 | BD12: =AW12*1+AX12*1.5+AY12*2.5+AZ12*2+BA12*0.5 -> 7 | BE12: =COUNTIFS(H12:AQ12,"",$H$6:$AQ$6,">5")+COUNTIFS(H12:AQ12,"X",$H$6:$AQ$6,">5") -> 8 | BF12: =COUNTIF(H12:AQ12,"WR*") -> 2 | BG12: =BD12/BC12 -> 1.75 | BH12: =BC12+AS12 -> 9 | BI12: =BD12+AT12 -> 14 | BJ12: =BE12+AU12 -> 23 | BK12: =BF12+AV12 -> 3 | BL12: =BI12/BH12 -> 1.5555556
B13: =B12+1 -> 9 | C13: =C12+1 -> 6 | D13: Elizabeth Chua | E13: 51 | F13: =IFERROR(IF(VLOOKUP($D13,'Nov 25'!$D$8:$AI$43,31,0)=0,"",VLOOKUP($D13,'Nov 25'!$D$8:$AI$43,31,0)),"") | G13: =IFERROR(IF(VLOOKUP($D13,'Nov 25'!$D$8:$AI$43,32,0)=0,"",VLOOKUP($D13,'Nov 25'!$D$8:$AI$43,32,0)),"") | H13: HO3 | L13: HO1 | O13: HO1 | S13: S | X13: HO1 | Z13: AB | AA13: AB | AB13: AL | AC13: AL | AD13: AL | AF13: AL | AJ13: HO5 | AO13: HO1 | AS13: =IFERROR(VLOOKUP($D13,'Nov 25'!$D$8:$BD$51,49,0),0) -> 13 | AT13: =IFERROR(VLOOKUP($D13,'Nov 25'!$D$8:$BD$51,50,0),0) -> 19 | AU13: =IFERROR(VLOOKUP($D13,'Nov 25'!$D$8:$BD$51,51,0),0) -> 19 | AV13: =IFERROR(VLOOKUP($D13,'Nov 25'!$D$8:$BD$51,52,0),0) -> 3 | AW13: =COUNTIFS(H13:AQ13,"HO*",$H$6:$AQ$6,"<5") -> 4 | AX13: =COUNTIFS(H13:AQ13,"HO*",$H$6:$AQ$6,"5") -> 0 | AY13: =COUNTIFS(H13:AQ13,"HO*",$H$6:$AQ$6,"6")-COUNTIFS(H13:AQ13,"HO6",$H$6:$AQ$6,"6") -> 1 | AZ13: =COUNTIFS(H13:AQ13,"HO*",$H$6:$AQ$6,"7")-COUNTIFS(H13:AQ13,"HO6",$H$6:$AQ$6,"7") -> 1 | BA13: =COUNTIF(H13:AQ13,"HO6") -> 0 | BB13: =COUNTIF(H13:AQ13,"S") -> 1 | BC13: =SUM(AW13:AZ13)+BA13*0.5 -> 6 | BD13: =AW13*1+AX13*1.5+AY13*2.5+AZ13*2+BA13*0.5 -> 8.5 | BE13: =COUNTIFS(H13:AQ13,"",$H$6:$AQ$6,">5")+COUNTIFS(H13:AQ13,"X",$H$6:$AQ$6,">5") -> 7 | BF13: =COUNTIF(H13:AQ13,"WR*") -> 0 | BG13: =BD13/BC13 -> 1.4166667 | BH13: =BC13+AS13 -> 19 | BI13: =BD13+AT13 -> 27.5 | BJ13: =BE13+AU13 -> 26 | BK13: =BF13+AV13 -> 3 | BL13: =BI13/BH13 -> 1.4473684
B14: =B13+1 -> 10 | C14: =C13+1 -> 7 | D14: Ewen Lee | E14: 46 | F14: =IFERROR(IF(VLOOKUP($D14,'Nov 25'!$D$8:$AI$43,31,0)=0,"",VLOOKUP($D14,'Nov 25'!$D$8:$AI$43,31,0)),"") -> AB | G14: =IFERROR(IF(VLOOKUP($D14,'Nov 25'!$D$8:$AI$43,32,0)=0,"",VLOOKUP($D14,'Nov 25'!$D$8:$AI$43,32,0)),"") -> AL | H14: AL | K14: HO2 | P14: HO2 | R14: AL | U14: AL | V14: S | Z14: HO1 | AC14: HO5 | AF14: HO1 | AI14: HO2 | AN14: WR1 | AS14: =IFERROR(VLOOKUP($D14,'Nov 25'!$D$8:$BD$51,49,0),0) -> 13.5 | AT14: =IFERROR(VLOOKUP($D14,'Nov 25'!$D$8:$BD$51,50,0),0) -> 19 | AU14: =IFERROR(VLOOKUP($D14,'Nov 25'!$D$8:$BD$51,51,0),0) -> 16 | AV14: =IFERROR(VLOOKUP($D14,'Nov 25'!$D$8:$BD$51,52,0),0) -> 2 | AW14: =COUNTIFS(H14:AQ14,"HO*",$H$6:$AQ$6,"<5") -> 3 | AX14: =COUNTIFS(H14:AQ14,"HO*",$H$6:$AQ$6,"5") -> 2 | AY14: =COUNTIFS(H14:AQ14,"HO*",$H$6:$AQ$6,"6")-COUNTIFS(H14:AQ14,"HO6",$H$6:$AQ$6,"6") -> 1 | AZ14: =COUNTIFS(H14:AQ14,"HO*",$H$6:$AQ$6,"7")-COUNTIFS(H14:AQ14,"HO6",$H$6:$AQ$6,"7") -> 0 | BA14: =COUNTIF(H14:AQ14,"HO6") -> 0 | BB14: =COUNTIF(H14:AQ14,"S") -> 1 | BC14: =SUM(AW14:AZ14)+BA14*0.5 -> 6 | BD14: =AW14*1+AX14*1.5+AY14*2.5+AZ14*2+BA14*0.5 -> 8.5 | BE14: =COUNTIFS(H14:AQ14,"",$H$6:$AQ$6,">5")+COUNTIFS(H14:AQ14,"X",$H$6:$AQ$6,">5") -> 10 | BF14: =COUNTIF(H14:AQ14,"WR*") -> 1 | BG14: =BD14/BC14 -> 1.4166667 | BH14: =BC14+AS14 -> 19.5 | BI14: =BD14+AT14 -> 27.5 | BJ14: =BE14+AU14 -> 26 | BK14: =BF14+AV14 -> 3 | BL14: =BI14/BH14 -> 1.4102564
B15: =B14+1 -> 11 | C15: =C14+1 -> 8 | D15: Isaac Lee | E15: 56 | F15: =IFERROR(IF(VLOOKUP($D15,'Nov 25'!$D$8:$AI$43,31,0)=0,"",VLOOKUP($D15,'Nov 25'!$D$8:$AI$43,31,0)),"") -> WR2 | G15: =IFERROR(IF(VLOOKUP($D15,'Nov 25'!$D$8:$AI$43,32,0)=0,"",VLOOKUP($D15,'Nov 25'!$D$8:$AI$43,32,0)),"") | J15: HO3 | S15: HO2 | V15: HO2 | Y15: HO5 | AE15: HO2 | AI15: AL | AJ15: AL | AK15: AL | AM15: AL | AO15: S | AS15: =IFERROR(VLOOKUP($D15,'Nov 25'!$D$8:$BD$51,49,0),0) -> 13 | AT15: =IFERROR(VLOOKUP($D15,'Nov 25'!$D$8:$BD$51,50,0),0) -> 19 | AU15: =IFERROR(VLOOKUP($D15,'Nov 25'!$D$8:$BD$51,51,0),0) -> 18 | AV15: =IFERROR(VLOOKUP($D15,'Nov 25'!$D$8:$BD$51,52,0),0) -> 3 | AW15: =COUNTIFS(H15:AQ15,"HO*",$H$6:$AQ$6,"<5") -> 2 | AX15: =COUNTIFS(H15:AQ15,"HO*",$H$6:$AQ$6,"5") -> 1 | AY15: =COUNTIFS(H15:AQ15,"HO*",$H$6:$AQ$6,"6")-COUNTIFS(H15:AQ15,"HO6",$H$6:$AQ$6,"6") -> 2 | AZ15: =COUNTIFS(H15:AQ15,"HO*",$H$6:$AQ$6,"7")-COUNTIFS(H15:AQ15,"HO6",$H$6:$AQ$6,"7") -> 0 | BA15: =COUNTIF(H15:AQ15,"HO6") -> 0 | BB15: =COUNTIF(H15:AQ15,"S") -> 1 | BC15: =SUM(AW15:AZ15)+BA15*0.5 -> 5 | BD15: =AW15*1+AX15*1.5+AY15*2.5+AZ15*2+BA15*0.5 -> 8.5 | BE15: =COUNTIFS(H15:AQ15,"",$H$6:$AQ$6,">5")+COUNTIFS(H15:AQ15,"X",$H$6:$AQ$6,">5") -> 9 | BF15: =COUNTIF(H15:AQ15,"WR*") -> 0 | BG15: =BD15/BC15 -> 1.7 | BH15: =BC15+AS15 -> 18 | BI15: =BD15+AT15 -> 27.5 | BJ15: =BE15+AU15 -> 27 | BK15: =BF15+AV15 -> 3 | BL15: =BI15/BH15 -> 1.5277778
B16: =B15+1 -> 12 | C16: =C15+1 -> 9 | D16: Elizabeth Leong | E16: 56 | F16: =IFERROR(IF(VLOOKUP($D16,'Nov 25'!$D$8:$AI$43,31,0)=0,"",VLOOKUP($D16,'Nov 25'!$D$8:$AI$43,31,0)),"") | G16: =IFERROR(IF(VLOOKUP($D16,'Nov 25'!$D$8:$AI$43,32,0)=0,"",VLOOKUP($D16,'Nov 25'!$D$8:$AI$43,32,0)),"") -> AL | H16: AL | I16: AL | J16: AL | K16: AL | L16: AB | M16: AB | N16: AL | O16: AL | Q16: HO1 | T16: HO2 | W16: S | AA16: HO2 | AE16: S | AH16: HO2 | AK16: HO2 | AP16: HO5 | AS16: =IFERROR(VLOOKUP($D16,'Nov 25'!$D$8:$BD$51,49,0),0) -> 13 | AT16: =IFERROR(VLOOKUP($D16,'Nov 25'!$D$8:$BD$51,50,0),0) -> 18 | AU16: =IFERROR(VLOOKUP($D16,'Nov 25'!$D$8:$BD$51,51,0),0) -> 20 | AV16: =IFERROR(VLOOKUP($D16,'Nov 25'!$D$8:$BD$51,52,0),0) -> 3 | AW16: =COUNTIFS(H16:AQ16,"HO*",$H$6:$AQ$6,"<5") -> 2 | AX16: =COUNTIFS(H16:AQ16,"HO*",$H$6:$AQ$6,"5") -> 1 | AY16: =COUNTIFS(H16:AQ16,"HO*",$H$6:$AQ$6,"6")-COUNTIFS(H16:AQ16,"HO6",$H$6:$AQ$6,"6") -> 0 | AZ16: =COUNTIFS(H16:AQ16,"HO*",$H$6:$AQ$6,"7")-COUNTIFS(H16:AQ16,"HO6",$H$6:$AQ$6,"7") -> 3 | BA16: =COUNTIF(H16:AQ16,"HO6") -> 0 | BB16: =COUNTIF(H16:AQ16,"S") -> 2 | BC16: =SUM(AW16:AZ16)+BA16*0.5 -> 6 | BD16: =AW16*1+AX16*1.5+AY16*2.5+AZ16*2+BA16*0.5 -> 9.5 | BE16: =COUNTIFS(H16:AQ16,"",$H$6:$AQ$6,">5")+COUNTIFS(H16:AQ16,"X",$H$6:$AQ$6,">5") -> 6 | BF16: =COUNTIF(H16:AQ16,"WR*") -> 0 | BG16: =BD16/BC16 -> 1.5833333 | BH16: =BC16+AS16 -> 19 | BI16: =BD16+AT16 -> 27.5 | BJ16: =BE16+AU16 -> 26 | BK16: =BF16+AV16 -> 3 | BL16: =BI16/BH16 -> 1.4473684
B17: =B16+1 -> 13 | C17: =C16+1 -> 10 | D17: Teo Kaye Min | E17: 56 | F17: =IFERROR(IF(VLOOKUP($D17,'Nov 25'!$D$8:$AI$43,31,0)=0,"",VLOOKUP($D17,'Nov 25'!$D$8:$AI$43,31,0)),"") | G17: =IFERROR(IF(VLOOKUP($D17,'Nov 25'!$D$8:$AI$43,32,0)=0,"",VLOOKUP($D17,'Nov 25'!$D$8:$AI$43,32,0)),"") -> HO4 | L17: HO2 | R17: S | Z17: WR3 | AC17: HO2 | AF17: HO2 | AJ17: HO2 | AM17: AL | AO17: HO2 | AP17: AL | AS17: =IFERROR(VLOOKUP($D17,'Nov 25'!$D$8:$BD$51,49,0),0) -> 4.5 | AT17: =IFERROR(VLOOKUP($D17,'Nov 25'!$D$8:$BD$51,50,0),0) -> 6 | AU17: =IFERROR(VLOOKUP($D17,'Nov 25'!$D$8:$BD$51,51,0),0) -> 13 | AV17: =IFERROR(VLOOKUP($D17,'Nov 25'!$D$8:$BD$51,52,0),0) -> 2 | AW17: =COUNTIFS(H17:AQ17,"HO*",$H$6:$AQ$6,"<5") -> 2 | AX17: =COUNTIFS(H17:AQ17,"HO*",$H$6:$AQ$6,"5") -> 1 | AY17: =COUNTIFS(H17:AQ17,"HO*",$H$6:$AQ$6,"6")-COUNTIFS(H17:AQ17,"HO6",$H$6:$AQ$6,"6") -> 1 | AZ17: =COUNTIFS(H17:AQ17,"HO*",$H$6:$AQ$6,"7")-COUNTIFS(H17:AQ17,"HO6",$H$6:$AQ$6,"7") -> 1 | BA17: =COUNTIF(H17:AQ17,"HO6") -> 0 | BB17: =COUNTIF(H17:AQ17,"S") -> 1 | BC17: =SUM(AW17:AZ17)+BA17*0.5 -> 5 | BD17: =AW17*1+AX17*1.5+AY17*2.5+AZ17*2+BA17*0.5 -> 8 | BE17: =COUNTIFS(H17:AQ17,"",$H$6:$AQ$6,">5")+COUNTIFS(H17:AQ17,"X",$H$6:$AQ$6,">5") -> 9 | BF17: =COUNTIF(H17:AQ17,"WR*") -> 1 | BG17: =BD17/BC17 -> 1.6 | BH17: =BC17+AS17 -> 9.5 | BI17: =BD17+AT17 -> 14 | BJ17: =BE17+AU17 -> 22 | BK17: =BF17+AV17 -> 3 | BL17: =BI17/BH17 -> 1.4736842
B18: =B17+1 -> 14 | C18: =C17+1 -> 11 | D18: Khe Jia Siang | E18: 85 | F18: =IFERROR(IF(VLOOKUP($D18,'Nov 25'!$D$8:$AI$43,31,0)=0,"",VLOOKUP($D18,'Nov 25'!$D$8:$AI$43,31,0)),"") -> HO1 | G18: =IFERROR(IF(VLOOKUP($D18,'Nov 25'!$D$8:$AI$43,32,0)=0,"",VLOOKUP($D18,'Nov 25'!$D$8:$AI$43,32,0)),"") | I18: HO2 | J18: AL | K18: AL | N18: AL | O18: HO2 | R18: HO2 | Z18: HO2 | AE18: WR2 | AG18: S | AO18: HO6 | AS18: =IFERROR(VLOOKUP($D18,'Nov 25'!$D$8:$BD$51,49,0),0) -> 5 | AT18: =IFERROR(VLOOKUP($D18,'Nov 25'!$D$8:$BD$51,50,0),0) -> 7.5 | AU18: =IFERROR(VLOOKUP($D18,'Nov 25'!$D$8:$BD$51,51,0),0) -> 12 | AV18: =IFERROR(VLOOKUP($D18,'Nov 25'!$D$8:$BD$51,52,0),0) -> 2 | AW18: =COUNTIFS(H18:AQ18,"HO*",$H$6:$AQ$6,"<5") -> 2 | AX18: =COUNTIFS(H18:AQ18,"HO*",$H$6:$AQ$6,"5") -> 1 | AY18: =COUNTIFS(H18:AQ18,"HO*",$H$6:$AQ$6,"6")-COUNTIFS(H18:AQ18,"HO6",$H$6:$AQ$6,"6") -> 1 | AZ18: =COUNTIFS(H18:AQ18,"HO*",$H$6:$AQ$6,"7")-COUNTIFS(H18:AQ18,"HO6",$H$6:$AQ$6,"7") -> 0 | BA18: =COUNTIF(H18:AQ18,"HO6") -> 1 | BB18: =COUNTIF(H18:AQ18,"S") -> 1 | BC18: =SUM(AW18:AZ18)+BA18*0.5 -> 4.5 | BD18: =AW18*1+AX18*1.5+AY18*2.5+AZ18*2+BA18*0.5 -> 6.5 | BE18: =COUNTIFS(H18:AQ18,"",$H$6:$AQ$6,">5")+COUNTIFS(H18:AQ18,"X",$H$6:$AQ$6,">5") -> 8 | BF18: =COUNTIF(H18:AQ18,"WR*") -> 1 | BG18: =BD18/BC18 -> 1.4444444 | BH18: =BC18+AS18 -> 9.5 | BI18: =BD18+AT18 -> 14 | BJ18: =BE18+AU18 -> 20 | BK18: =BF18+AV18 -> 3 | BL18: =BI18/BH18 -> 1.4736842
B19: =B18+1 -> 15 | C19: =C18+1 -> 12 | D19: Saw Lip Wei | E19: 85 | F19: =IFERROR(IF(VLOOKUP($D19,'Nov 25'!$D$8:$AI$43,31,0)=0,"",VLOOKUP($D19,'Nov 25'!$D$8:$AI$43,31,0)),"") | G19: =IFERROR(IF(VLOOKUP($D19,'Nov 25'!$D$8:$AI$43,32,0)=0,"",VLOOKUP($D19,'Nov 25'!$D$8:$AI$43,32,0)),"") | H19: HO2 | L19: HO6 | P19: AL | Q19: AL | U19: HO3 | AA19: HO5 | AG19: HO2 | AL19: S | AS19: =IFERROR(VLOOKUP($D19,'Nov 25'!$D$8:$BD$51,49,0),0) -> 13.5 | AT19: =IFERROR(VLOOKUP($D19,'Nov 25'!$D$8:$BD$51,50,0),0) -> 20 | AU19: =IFERROR(VLOOKUP($D19,'Nov 25'!$D$8:$BD$51,51,0),0) -> 16 | AV19: =IFERROR(VLOOKUP($D19,'Nov 25'!$D$8:$BD$51,52,0),0) -> 3 | AW19: =COUNTIFS(H19:AQ19,"HO*",$H$6:$AQ$6,"<5") -> 2 | AX19: =COUNTIFS(H19:AQ19,"HO*",$H$6:$AQ$6,"5") -> 0 | AY19: =COUNTIFS(H19:AQ19,"HO*",$H$6:$AQ$6,"6")-COUNTIFS(H19:AQ19,"HO6",$H$6:$AQ$6,"6") -> 1 | AZ19: =COUNTIFS(H19:AQ19,"HO*",$H$6:$AQ$6,"7")-COUNTIFS(H19:AQ19,"HO6",$H$6:$AQ$6,"7") -> 1 | BA19: =COUNTIF(H19:AQ19,"HO6") -> 1 | BB19: =COUNTIF(H19:AQ19,"S") -> 1 | BC19: =SUM(AW19:AZ19)+BA19*0.5 -> 4.5 | BD19: =AW19*1+AX19*1.5+AY19*2.5+AZ19*2+BA19*0.5 -> 7 | BE19: =COUNTIFS(H19:AQ19,"",$H$6:$AQ$6,">5")+COUNTIFS(H19:AQ19,"X",$H$6:$AQ$6,">5") -> 8 | BF19: =COUNTIF(H19:AQ19,"WR*") -> 0 | BG19: =BD19/BC19 -> 1.5555556 | BH19: =BC19+AS19 -> 18 | BI19: =BD19+AT19 -> 27 | BJ19: =BE19+AU19 -> 24 | BK19: =BF19+AV19 -> 3 | BL19: =BI19/BH19 -> 1.5
B20: =B19+1 -> 16 | C20: =C19+1 -> 13 | D20: Ooi Ewe Ming | E20: 85 | F20: =IFERROR(IF(VLOOKUP($D20,'Nov 25'!$D$8:$AI$43,31,0)=0,"",VLOOKUP($D20,'Nov 25'!$D$8:$AI$43,31,0)),"") | G20: =IFERROR(IF(VLOOKUP($D20,'Nov 25'!$D$8:$AI$43,32,0)=0,"",VLOOKUP($D20,'Nov 25'!$D$8:$AI$43,32,0)),"") -> HO3 | L20: WR1 | N20: HO2 | Q20: HO2 | U20: AL | V20: AL | W20: AL | X20: AL | Y20: AL | Z20: AB | AA20: AB | AC20: S | AH20: HO4 | AL20: HO2 | AQ20: HO2 | AS20: =IFERROR(VLOOKUP($D20,'Nov 25'!$D$8:$BD$51,49,0),0) -> 4 | AT20: =IFERROR(VLOOKUP($D20,'Nov 25'!$D$8:$BD$51,50,0),0) -> 6.5 | AU20: =IFERROR(VLOOKUP($D20,'Nov 25'!$D$8:$BD$51,51,0),0) -> 14 | AV20: =IFERROR(VLOOKUP($D20,'Nov 25'!$D$8:$BD$51,52,0),0) -> 1 | AW20: =COUNTIFS(H20:AQ20,"HO*",$H$6:$AQ$6,"<5") -> 3 | AX20: =COUNTIFS(H20:AQ20,"HO*",$H$6:$AQ$6,"5") -> 0 | AY20: =COUNTIFS(H20:AQ20,"HO*",$H$6:$AQ$6,"6")-COUNTIFS(H20:AQ20,"HO6",$H$6:$AQ$6,"6") -> 1 | AZ20: =COUNTIFS(H20:AQ20,"HO*",$H$6:$AQ$6,"7")-COUNTIFS(H20:AQ20,"HO6",$H$6:$AQ$6,"7") -> 1 | BA20: =COUNTIF(H20:AQ20,"HO6") -> 0 | BB20: =COUNTIF(H20:AQ20,"S") -> 1 | BC20: =SUM(AW20:AZ20)+BA20*0.5 -> 5 | BD20: =AW20*1+AX20*1.5+AY20*2.5+AZ20*2+BA20*0.5 -> 7.5 | BE20: =COUNTIFS(H20:AQ20,"",$H$6:$AQ$6,">5")+COUNTIFS(H20:AQ20,"X",$H$6:$AQ$6,">5") -> 7 | BF20: =COUNTIF(H20:AQ20,"WR*") -> 1 | BG20: =BD20/BC20 -> 1.5 | BH20: =BC20+AS20 -> 9 | BI20: =BD20+AT20 -> 14 | BJ20: =BE20+AU20 -> 21 | BK20: =BF20+AV20 -> 2 | BL20: =BI20/BH20 -> 1.5555556
B21: =B20+1 -> 17 | C21: =C20+1 -> 14 | D21: Isac Tan | E21: 66 | F21: =IFERROR(IF(VLOOKUP($D21,'Nov 25'!$D$8:$AI$43,31,0)=0,"",VLOOKUP($D21,'Nov 25'!$D$8:$AI$43,31,0)),"") | G21: =IFERROR(IF(VLOOKUP($D21,'Nov 25'!$D$8:$AI$43,32,0)=0,"",VLOOKUP($D21,'Nov 25'!$D$8:$AI$43,32,0)),"") -> AL | I21: HO3 | L21: HO3 | P21: HO3 | T21: HO6 | U21: AL | Y21: HO2 | AD21: S | AH21: HO3 | AJ21: AL | AK21: AL | AM21: AL | AN21: AB | AO21: AB | AP21: AL | AQ21: AL | AS21: =IFERROR(VLOOKUP($D21,'Nov 25'!$D$8:$BD$51,49,0),0) -> 15 | AT21: =IFERROR(VLOOKUP($D21,'Nov 25'!$D$8:$BD$51,50,0),0) -> 19 | AU21: =IFERROR(VLOOKUP($D21,'Nov 25'!$D$8:$BD$51,51,0),0) -> 19 | AV21: =IFERROR(VLOOKUP($D21,'Nov 25'!$D$8:$BD$51,52,0),0) -> 2 | AW21: =COUNTIFS(H21:AQ21,"HO*",$H$6:$AQ$6,"<5") -> 2 | AX21: =COUNTIFS(H21:AQ21,"HO*",$H$6:$AQ$6,"5") -> 1 | AY21: =COUNTIFS(H21:AQ21,"HO*",$H$6:$AQ$6,"6")-COUNTIFS(H21:AQ21,"HO6",$H$6:$AQ$6,"6") -> 1 | AZ21: =COUNTIFS(H21:AQ21,"HO*",$H$6:$AQ$6,"7")-COUNTIFS(H21:AQ21,"HO6",$H$6:$AQ$6,"7") -> 1 | BA21: =COUNTIF(H21:AQ21,"HO6") -> 1 | BB21: =COUNTIF(H21:AQ21,"S") -> 1 | BC21: =SUM(AW21:AZ21)+BA21*0.5 -> 5.5 | BD21: =AW21*1+AX21*1.5+AY21*2.5+AZ21*2+BA21*0.5 -> 8.5 | BE21: =COUNTIFS(H21:AQ21,"",$H$6:$AQ$6,">5")+COUNTIFS(H21:AQ21,"X",$H$6:$AQ$6,">5") -> 7 | BF21: =COUNTIF(H21:AQ21,"WR*") -> 0 | BG21: =BD21/BC21 -> 1.5454545 | BH21: =BC21+AS21 -> 20.5 | BI21: =BD21+AT21 -> 27.5 | BJ21: =BE21+AU21 -> 26 | BK21: =BF21+AV21 -> 2 | BL21: =BI21/BH21 -> 1.3414634
B22: =B21+1 -> 18 | C22: =C21+1 -> 15 | D22: Choo Jing Xian | E22: 66 | F22: =IFERROR(IF(VLOOKUP($D22,'Nov 25'!$D$8:$AI$43,31,0)=0,"",VLOOKUP($D22,'Nov 25'!$D$8:$AI$43,31,0)),"") | G22: =IFERROR(IF(VLOOKUP($D22,'Nov 25'!$D$8:$AI$43,32,0)=0,"",VLOOKUP($D22,'Nov 25'!$D$8:$AI$43,32,0)),"") | K22: HO3 | Q22: HO5 | U22: HO5 | Z22: HO6 | AD22: AL | AF22: AL | AG22: HO3 | AJ22: S | AL22: WR2 | AO22: HO3 | AS22: =IFERROR(VLOOKUP($D22,'Nov 25'!$D$8:$BD$51,49,0),0) -> 13.5 | AT22: =IFERROR(VLOOKUP($D22,'Nov 25'!$D$8:$BD$51,50,0),0) -> 18.5 | AU22: =IFERROR(VLOOKUP($D22,'Nov 25'!$D$8:$BD$51,51,0),0) -> 20 | AV22: =IFERROR(VLOOKUP($D22,'Nov 25'!$D$8:$BD$51,52,0),0) -> 1 | AW22: =COUNTIFS(H22:AQ22,"HO*",$H$6:$AQ$6,"<5") -> 2 | AX22: =COUNTIFS(H22:AQ22,"HO*",$H$6:$AQ$6,"5") -> 1 | AY22: =COUNTIFS(H22:AQ22,"HO*",$H$6:$AQ$6,"6")-COUNTIFS(H22:AQ22,"HO6",$H$6:$AQ$6,"6") -> 1 | AZ22: =COUNTIFS(H22:AQ22,"HO*",$H$6:$AQ$6,"7")-COUNTIFS(H22:AQ22,"HO6",$H$6:$AQ$6,"7") -> 1 | BA22: =COUNTIF(H22:AQ22,"HO6") -> 1 | BB22: =COUNTIF(H22:AQ22,"S") -> 1 | BC22: =SUM(AW22:AZ22)+BA22*0.5 -> 5.5 | BD22: =AW22*1+AX22*1.5+AY22*2.5+AZ22*2+BA22*0.5 -> 8.5 | BE22: =COUNTIFS(H22:AQ22,"",$H$6:$AQ$6,">5")+COUNTIFS(H22:AQ22,"X",$H$6:$AQ$6,">5") -> 8 | BF22: =COUNTIF(H22:AQ22,"WR*") -> 1 | BG22: =BD22/BC22 -> 1.5454545 | BH22: =BC22+AS22 -> 19 | BI22: =BD22+AT22 -> 27 | BJ22: =BE22+AU22 -> 28 | BK22: =BF22+AV22 -> 2 | BL22: =BI22/BH22 -> 1.4210526
B23: =B22+1 -> 19 | C23: =C22+1 -> 16 | D23: Glenda Wee | E23: 66 | F23: =IFERROR(IF(VLOOKUP($D23,'Nov 25'!$D$8:$AI$43,31,0)=0,"",VLOOKUP($D23,'Nov 25'!$D$8:$AI$43,31,0)),"") | G23: =IFERROR(IF(VLOOKUP($D23,'Nov 25'!$D$8:$AI$43,32,0)=0,"",VLOOKUP($D23,'Nov 25'!$D$8:$AI$43,32,0)),"") | L23: WR3 | R23: HO3 | V23: HO3 | AA23: WR3 | AE23: HO3 | AH23: S | AM23: HO5 | AS23: =IFERROR(VLOOKUP($D23,'Nov 25'!$D$8:$BD$51,49,0),0) -> 5 | AT23: =IFERROR(VLOOKUP($D23,'Nov 25'!$D$8:$BD$51,50,0),0) -> 8 | AU23: =IFERROR(VLOOKUP($D23,'Nov 25'!$D$8:$BD$51,51,0),0) -> 14 | AV23: =IFERROR(VLOOKUP($D23,'Nov 25'!$D$8:$BD$51,52,0),0) -> 1 | AW23: =COUNTIFS(H23:AQ23,"HO*",$H$6:$AQ$6,"<5") -> 1 | AX23: =COUNTIFS(H23:AQ23,"HO*",$H$6:$AQ$6,"5") -> 2 | AY23: =COUNTIFS(H23:AQ23,"HO*",$H$6:$AQ$6,"6")-COUNTIFS(H23:AQ23,"HO6",$H$6:$AQ$6,"6") -> 1 | AZ23: =COUNTIFS(H23:AQ23,"HO*",$H$6:$AQ$6,"7")-COUNTIFS(H23:AQ23,"HO6",$H$6:$AQ$6,"7") -> 0 | BA23: =COUNTIF(H23:AQ23,"HO6") -> 0 | BB23: =COUNTIF(H23:AQ23,"S") -> 1 | BC23: =SUM(AW23:AZ23)+BA23*0.5 -> 4 | BD23: =AW23*1+AX23*1.5+AY23*2.5+AZ23*2+BA23*0.5 -> 6.5 | BE23: =COUNTIFS(H23:AQ23,"",$H$6:$AQ$6,">5")+COUNTIFS(H23:AQ23,"X",$H$6:$AQ$6,">5") -> 8 | BF23: =COUNTIF(H23:AQ23,"WR*") -> 2 | BG23: =BD23/BC23 -> 1.625 | BH23: =BC23+AS23 -> 9 | BI23: =BD23+AT23 -> 14.5 | BJ23: =BE23+AU23 -> 22 | BK23: =BF23+AV23 -> 3 | BL23: =BI23/BH23 -> 1.6111111
B24: =B23+1 -> 20 | C24: =C23+1 -> 17 | D24: Grace Cheng | E24: 66 | F24: =IFERROR(IF(VLOOKUP($D24,'Nov 25'!$D$8:$AI$43,31,0)=0,"",VLOOKUP($D24,'Nov 25'!$D$8:$AI$43,31,0)),"") -> HO3 | G24: =IFERROR(IF(VLOOKUP($D24,'Nov 25'!$D$8:$AI$43,32,0)=0,"",VLOOKUP($D24,'Nov 25'!$D$8:$AI$43,32,0)),"") | I24: HO5 | K24: AL | O24: HO3 | S24: HO3 | W24: HO3 | AA24: S | AI24: AL | AJ24: AL | AK24: AL | AM24: HO3 | AQ24: HO3 | AS24: =IFERROR(VLOOKUP($D24,'Nov 25'!$D$8:$BD$51,49,0),0) -> 4 | AT24: =IFERROR(VLOOKUP($D24,'Nov 25'!$D$8:$BD$51,50,0),0) -> 6.5 | AU24: =IFERROR(VLOOKUP($D24,'Nov 25'!$D$8:$BD$51,51,0),0) -> 12 | AV24: =IFERROR(VLOOKUP($D24,'Nov 25'!$D$8:$BD$51,52,0),0) -> 3 | AW24: =COUNTIFS(H24:AQ24,"HO*",$H$6:$AQ$6,"<5") -> 4 | AX24: =COUNTIFS(H24:AQ24,"HO*",$H$6:$AQ$6,"5") -> 1 | AY24: =COUNTIFS(H24:AQ24,"HO*",$H$6:$AQ$6,"6")-COUNTIFS(H24:AQ24,"HO6",$H$6:$AQ$6,"6") -> 1 | AZ24: =COUNTIFS(H24:AQ24,"HO*",$H$6:$AQ$6,"7")-COUNTIFS(H24:AQ24,"HO6",$H$6:$AQ$6,"7") -> 0 | BA24: =COUNTIF(H24:AQ24,"HO6") -> 0 | BB24: =COUNTIF(H24:AQ24,"S") -> 1 | BC24: =SUM(AW24:AZ24)+BA24*0.5 -> 6 | BD24: =AW24*1+AX24*1.5+AY24*2.5+AZ24*2+BA24*0.5 -> 8 | BE24: =COUNTIFS(H24:AQ24,"",$H$6:$AQ$6,">5")+COUNTIFS(H24:AQ24,"X",$H$6:$AQ$6,">5") -> 10 | BF24: =COUNTIF(H24:AQ24,"WR*") -> 0 | BG24: =BD24/BC24 -> 1.3333333 | BH24: =BC24+AS24 -> 10 | BI24: =BD24+AT24 -> 14.5 | BJ24: =BE24+AU24 -> 22 | BK24: =BF24+AV24 -> 3 | BL24: =BI24/BH24 -> 1.45
B25: =B24+1 -> 21 | C25: =C24+1 -> 18 | D25: Natalie Chew | E25: 86 | F25: =IFERROR(IF(VLOOKUP($D25,'Nov 25'!$D$8:$AI$43,31,0)=0,"",VLOOKUP($D25,'Nov 25'!$D$8:$AI$43,31,0)),"") | G25: =IFERROR(IF(VLOOKUP($D25,'Nov 25'!$D$8:$AI$43,32,0)=0,"",VLOOKUP($D25,'Nov 25'!$D$8:$AI$43,32,0)),"") | H25: HO5 | L25: HO4 | P25: S | T25: HO3 | Y25: AL | AB25: AL | AC25: AL | AD25: AL | AF25: AL | AK25: HO5 | AP25: HO1 | AS25: =IFERROR(VLOOKUP($D25,'Nov 25'!$D$8:$BD$51,49,0),0) -> 13 | AT25: =IFERROR(VLOOKUP($D25,'Nov 25'!$D$8:$BD$51,50,0),0) -> 19.5 | AU25: =IFERROR(VLOOKUP($D25,'Nov 25'!$D$8:$BD$51,51,0),0) -> 16 | AV25: =IFERROR(VLOOKUP($D25,'Nov 25'!$D$8:$BD$51,52,0),0) -> 4 | AW25: =COUNTIFS(H25:AQ25,"HO*",$H$6:$AQ$6,"<5") -> 2 | AX25: =COUNTIFS(H25:AQ25,"HO*",$H$6:$AQ$6,"5") -> 1 | AY25: =COUNTIFS(H25:AQ25,"HO*",$H$6:$AQ$6,"6")-COUNTIFS(H25:AQ25,"HO6",$H$6:$AQ$6,"6") -> 1 | AZ25: =COUNTIFS(H25:AQ25,"HO*",$H$6:$AQ$6,"7")-COUNTIFS(H25:AQ25,"HO6",$H$6:$AQ$6,"7") -> 1 | BA25: =COUNTIF(H25:AQ25,"HO6") -> 0 | BB25: =COUNTIF(H25:AQ25,"S") -> 1 | BC25: =SUM(AW25:AZ25)+BA25*0.5 -> 5 | BD25: =AW25*1+AX25*1.5+AY25*2.5+AZ25*2+BA25*0.5 -> 8 | BE25: =COUNTIFS(H25:AQ25,"",$H$6:$AQ$6,">5")+COUNTIFS(H25:AQ25,"X",$H$6:$AQ$6,">5") -> 10 | BF25: =COUNTIF(H25:AQ25,"WR*") -> 0 | BG25: =BD25/BC25 -> 1.6 | BH25: =BC25+AS25 -> 18 | BI25: =BD25+AT25 -> 27.5 | BJ25: =BE25+AU25 -> 26 | BK25: =BF25+AV25 -> 4 | BL25: =BI25/BH25 -> 1.5277778
B26: =B25+1 -> 22 | C26: =C25+1 -> 19 | D26: Gayathri Basker | E26: 86 | F26: =IFERROR(IF(VLOOKUP($D26,'Nov 25'!$D$8:$AI$43,31,0)=0,"",VLOOKUP($D26,'Nov 25'!$D$8:$AI$43,31,0)),"") -> HO4 | G26: =IFERROR(IF(VLOOKUP($D26,'Nov 25'!$D$8:$AI$43,32,0)=0,"",VLOOKUP($D26,'Nov 25'!$D$8:$AI$43,32,0)),"") | J26: HO5 | N26: AL | O26: AL | P26: AL | Q26: AL | R26: AL | S26: AB | T26: AB | V26: HO4 | Z26: HO5 | AC26: HO4 | AF26: HO5 | AK26: HO3 | AO26: WR2 | AP26: S | AS26: =IFERROR(VLOOKUP($D26,'Nov 25'!$D$8:$BD$51,49,0),0) -> 13 | AT26: =IFERROR(VLOOKUP($D26,'Nov 25'!$D$8:$BD$51,50,0),0) -> 19 | AU26: =IFERROR(VLOOKUP($D26,'Nov 25'!$D$8:$BD$51,51,0),0) -> 18 | AV26: =IFERROR(VLOOKUP($D26,'Nov 25'!$D$8:$BD$51,52,0),0) -> 1 | AW26: =COUNTIFS(H26:AQ26,"HO*",$H$6:$AQ$6,"<5") -> 3 | AX26: =COUNTIFS(H26:AQ26,"HO*",$H$6:$AQ$6,"5") -> 2 | AY26: =COUNTIFS(H26:AQ26,"HO*",$H$6:$AQ$6,"6")-COUNTIFS(H26:AQ26,"HO6",$H$6:$AQ$6,"6") -> 1 | AZ26: =COUNTIFS(H26:AQ26,"HO*",$H$6:$AQ$6,"7")-COUNTIFS(H26:AQ26,"HO6",$H$6:$AQ$6,"7") -> 0 | BA26: =COUNTIF(H26:AQ26,"HO6") -> 0 | BB26: =COUNTIF(H26:AQ26,"S") -> 1 | BC26: =SUM(AW26:AZ26)+BA26*0.5 -> 6 | BD26: =AW26*1+AX26*1.5+AY26*2.5+AZ26*2+BA26*0.5 -> 8.5 | BE26: =COUNTIFS(H26:AQ26,"",$H$6:$AQ$6,">5")+COUNTIFS(H26:AQ26,"X",$H$6:$AQ$6,">5") -> 8 | BF26: =COUNTIF(H26:AQ26,"WR*") -> 1 | BG26: =BD26/BC26 -> 1.4166667 | BH26: =BC26+AS26 -> 19 | BI26: =BD26+AT26 -> 27.5 | BJ26: =BE26+AU26 -> 26 | BK26: =BF26+AV26 -> 2 | BL26: =BI26/BH26 -> 1.4473684
B27: =B26+1 -> 23 | C27: =C26+1 -> 20 | D27: Zachary Loh | E27: 86 | F27: =IFERROR(IF(VLOOKUP($D27,'Nov 25'!$D$8:$AI$43,31,0)=0,"",VLOOKUP($D27,'Nov 25'!$D$8:$AI$43,31,0)),"") | G27: =IFERROR(IF(VLOOKUP($D27,'Nov 25'!$D$8:$AI$43,32,0)=0,"",VLOOKUP($D27,'Nov 25'!$D$8:$AI$43,32,0)),"") -> S | M27: HO5 | R27: HO5 | Z27: WR2 | AB27: S | AE27: HO5 | AJ27: HO3 | AN27: WR2 | AS27: =IFERROR(VLOOKUP($D27,'Nov 25'!$D$8:$BD$51,49,0),0) -> 11.5 | AT27: =IFERROR(VLOOKUP($D27,'Nov 25'!$D$8:$BD$51,50,0),0) -> 16 | AU27: =IFERROR(VLOOKUP($D27,'Nov 25'!$D$8:$BD$51,51,0),0) -> 12 | AV27: =IFERROR(VLOOKUP($D27,'Nov 25'!$D$8:$BD$51,52,0),0) -> 1 | AW27: =COUNTIFS(H27:AQ27,"HO*",$H$6:$AQ$6,"<5") -> 1 | AX27: =COUNTIFS(H27:AQ27,"HO*",$H$6:$AQ$6,"5") -> 1 | AY27: =COUNTIFS(H27:AQ27,"HO*",$H$6:$AQ$6,"6")-COUNTIFS(H27:AQ27,"HO6",$H$6:$AQ$6,"6") -> 1 | AZ27: =COUNTIFS(H27:AQ27,"HO*",$H$6:$AQ$6,"7")-COUNTIFS(H27:AQ27,"HO6",$H$6:$AQ$6,"7") -> 1 | BA27: =COUNTIF(H27:AQ27,"HO6") -> 0 | BB27: =COUNTIF(H27:AQ27,"S") -> 1 | BC27: =SUM(AW27:AZ27)+BA27*0.5 -> 4 | BD27: =AW27*1+AX27*1.5+AY27*2.5+AZ27*2+BA27*0.5 -> 7 | BE27: =COUNTIFS(H27:AQ27,"",$H$6:$AQ$6,">5")+COUNTIFS(H27:AQ27,"X",$H$6:$AQ$6,">5") -> 8 | BF27: =COUNTIF(H27:AQ27,"WR*") -> 2 | BG27: =BD27/BC27 -> 1.75 | BH27: =BC27+AS27 -> 15.5 | BI27: =BD27+AT27 -> 23 | BJ27: =BE27+AU27 -> 20 | BK27: =BF27+AV27 -> 3 | BL27: =BI27/BH27 -> 1.483871
B28: =B27+1 -> 24 | C28: =C27+1 -> 21 | D28: Nicholas Han | E28: 86 | F28: =IFERROR(IF(VLOOKUP($D28,'Nov 25'!$D$8:$AI$43,31,0)=0,"",VLOOKUP($D28,'Nov 25'!$D$8:$AI$43,31,0)),"") | G28: =IFERROR(IF(VLOOKUP($D28,'Nov 25'!$D$8:$AI$43,32,0)=0,"",VLOOKUP($D28,'Nov 25'!$D$8:$AI$43,32,0)),"") | K28: S | N28: HO5 | T28: WR2 | V28: HO5 | Y28: HO3 | AE28: HO4 | AI28: HO5 | AL28: WR1 | AN28: WR3 | AQ28: HO5 | AS28: =IFERROR(VLOOKUP($D28,'Nov 25'!$D$8:$BD$51,49,0),0) -> 4.5 | AT28: =IFERROR(VLOOKUP($D28,'Nov 25'!$D$8:$BD$51,50,0),0) -> 7 | AU28: =IFERROR(VLOOKUP($D28,'Nov 25'!$D$8:$BD$51,51,0),0) -> 14 | AV28: =IFERROR(VLOOKUP($D28,'Nov 25'!$D$8:$BD$51,52,0),0) -> 0 | AW28: =COUNTIFS(H28:AQ28,"HO*",$H$6:$AQ$6,"<5") -> 4 | AX28: =COUNTIFS(H28:AQ28,"HO*",$H$6:$AQ$6,"5") -> 1 | AY28: =COUNTIFS(H28:AQ28,"HO*",$H$6:$AQ$6,"6")-COUNTIFS(H28:AQ28,"HO6",$H$6:$AQ$6,"6") -> 1 | AZ28: =COUNTIFS(H28:AQ28,"HO*",$H$6:$AQ$6,"7")-COUNTIFS(H28:AQ28,"HO6",$H$6:$AQ$6,"7") -> 0 | BA28: =COUNTIF(H28:AQ28,"HO6") -> 0 | BB28: =COUNTIF(H28:AQ28,"S") -> 1 | BC28: =SUM(AW28:AZ28)+BA28*0.5 -> 6 | BD28: =AW28*1+AX28*1.5+AY28*2.5+AZ28*2+BA28*0.5 -> 8 | BE28: =COUNTIFS(H28:AQ28,"",$H$6:$AQ$6,">5")+COUNTIFS(H28:AQ28,"X",$H$6:$AQ$6,">5") -> 8 | BF28: =COUNTIF(H28:AQ28,"WR*") -> 3 | BG28: =BD28/BC28 -> 1.3333333 | BH28: =BC28+AS28 -> 10.5 | BI28: =BD28+AT28 -> 15 | BJ28: =BE28+AU28 -> 22 | BK28: =BF28+AV28 -> 3 | BL28: =BI28/BH28 -> 1.4285714
B29: =B28+1 -> 25 | C29: =C28+1 -> 22 | D29: Esther Quay | E29: 41 | F29: =IFERROR(IF(VLOOKUP($D29,'Nov 25'!$D$8:$AI$43,31,0)=0,"",VLOOKUP($D29,'Nov 25'!$D$8:$AI$43,31,0)),"") | G29: =IFERROR(IF(VLOOKUP($D29,'Nov 25'!$D$8:$AI$43,32,0)=0,"",VLOOKUP($D29,'Nov 25'!$D$8:$AI$43,32,0)),"") | I29: AL | J29: AL | K29: AL | L29: S | Q29: HO3 | X29: HO2 | AD29: HO3 | AH29: HO1 | AL29: HO3 | AP29: AL | AQ29: AL | AS29: =IFERROR(VLOOKUP($D29,'Nov 25'!$D$8:$BD$51,49,0),0) -> 13.5 | AT29: =IFERROR(VLOOKUP($D29,'Nov 25'!$D$8:$BD$51,50,0),0) -> 19 | AU29: =IFERROR(VLOOKUP($D29,'Nov 25'!$D$8:$BD$51,51,0),0) -> 19 | AV29: =IFERROR(VLOOKUP($D29,'Nov 25'!$D$8:$BD$51,52,0),0) -> 3 | AW29: =COUNTIFS(H29:AQ29,"HO*",$H$6:$AQ$6,"<5") -> 2 | AX29: =COUNTIFS(H29:AQ29,"HO*",$H$6:$AQ$6,"5") -> 1 | AY29: =COUNTIFS(H29:AQ29,"HO*",$H$6:$AQ$6,"6")-COUNTIFS(H29:AQ29,"HO6",$H$6:$AQ$6,"6") -> 1 | AZ29: =COUNTIFS(H29:AQ29,"HO*",$H$6:$AQ$6,"7")-COUNTIFS(H29:AQ29,"HO6",$H$6:$AQ$6,"7") -> 1 | BA29: =COUNTIF(H29:AQ29,"HO6") -> 0 | BB29: =COUNTIF(H29:AQ29,"S") -> 1 | BC29: =SUM(AW29:AZ29)+BA29*0.5 -> 5 | BD29: =AW29*1+AX29*1.5+AY29*2.5+AZ29*2+BA29*0.5 -> 8 | BE29: =COUNTIFS(H29:AQ29,"",$H$6:$AQ$6,">5")+COUNTIFS(H29:AQ29,"X",$H$6:$AQ$6,">5") -> 9 | BF29: =COUNTIF(H29:AQ29,"WR*") -> 0 | BG29: =BD29/BC29 -> 1.6 | BH29: =BC29+AS29 -> 18.5 | BI29: =BD29+AT29 -> 27 | BJ29: =BE29+AU29 -> 28 | BK29: =BF29+AV29 -> 3 | BL29: =BI29/BH29 -> 1.4594595
B30: =B29+1 -> 26 | C30: =C29+1 -> 23 | D30: Lim Jun Xiang | E30: 62 | F30: =IFERROR(IF(VLOOKUP($D30,'Nov 25'!$D$8:$AI$43,31,0)=0,"",VLOOKUP($D30,'Nov 25'!$D$8:$AI$43,31,0)),"") -> S | G30: =IFERROR(IF(VLOOKUP($D30,'Nov 25'!$D$8:$AI$43,32,0)=0,"",VLOOKUP($D30,'Nov 25'!$D$8:$AI$43,32,0)),"") | M30: HO3 | S30: HO5 | X30: S | AA30: WR2 | AC30: HO3 | AG30: WR2 | AK30: HO4 | AP30: HO3 | AS30: =IFERROR(VLOOKUP($D30,'Nov 25'!$D$8:$BD$51,49,0),0) -> 13.5 | AT30: =IFERROR(VLOOKUP($D30,'Nov 25'!$D$8:$BD$51,50,0),0) -> 19.5 | AU30: =IFERROR(VLOOKUP($D30,'Nov 25'!$D$8:$BD$51,51,0),0) -> 19 | AV30: =IFERROR(VLOOKUP($D30,'Nov 25'!$D$8:$BD$51,52,0),0) -> 1 | AW30: =COUNTIFS(H30:AQ30,"HO*",$H$6:$AQ$6,"<5") -> 2 | AX30: =COUNTIFS(H30:AQ30,"HO*",$H$6:$AQ$6,"5") -> 1 | AY30: =COUNTIFS(H30:AQ30,"HO*",$H$6:$AQ$6,"6")-COUNTIFS(H30:AQ30,"HO6",$H$6:$AQ$6,"6") -> 1 | AZ30: =COUNTIFS(H30:AQ30,"HO*",$H$6:$AQ$6,"7")-COUNTIFS(H30:AQ30,"HO6",$H$6:$AQ$6,"7") -> 1 | BA30: =COUNTIF(H30:AQ30,"HO6") -> 0 | BB30: =COUNTIF(H30:AQ30,"S") -> 1 | BC30: =SUM(AW30:AZ30)+BA30*0.5 -> 5 | BD30: =AW30*1+AX30*1.5+AY30*2.5+AZ30*2+BA30*0.5 -> 8 | BE30: =COUNTIFS(H30:AQ30,"",$H$6:$AQ$6,">5")+COUNTIFS(H30:AQ30,"X",$H$6:$AQ$6,">5") -> 8 | BF30: =COUNTIF(H30:AQ30,"WR*") -> 2 | BG30: =BD30/BC30 -> 1.6 | BH30: =BC30+AS30 -> 18.5 | BI30: =BD30+AT30 -> 27.5 | BJ30: =BE30+AU30 -> 27 | BK30: =BF30+AV30 -> 3 | BL30: =BI30/BH30 -> 1.4864865
B31: =B30+1 -> 27 | C31: =C30+1 -> 24 | D31: Julian Koh | E31: 62 | F31: =IFERROR(IF(VLOOKUP($D31,'Nov 25'!$D$8:$AI$43,31,0)=0,"",VLOOKUP($D31,'Nov 25'!$D$8:$AI$43,31,0)),"") -> AB | G31: =IFERROR(IF(VLOOKUP($D31,'Nov 25'!$D$8:$AI$43,32,0)=0,"",VLOOKUP($D31,'Nov 25'!$D$8:$AI$43,32,0)),"") -> AL | H31: AL | I31: AL | J31: AL | K31: AL | O31: HO4 | S31: HO6 | Y31: HO4 | AB31: HO4 | AG31: HO4 | AK31: S | AN31: HO5 | AS31: =IFERROR(VLOOKUP($D31,'Nov 25'!$D$8:$BD$51,49,0),0) -> 13.5 | AT31: =IFERROR(VLOOKUP($D31,'Nov 25'!$D$8:$BD$51,50,0),0) -> 18 | AU31: =IFERROR(VLOOKUP($D31,'Nov 25'!$D$8:$BD$51,51,0),0) -> 17 | AV31: =IFERROR(VLOOKUP($D31,'Nov 25'!$D$8:$BD$51,52,0),0) -> 4 | AW31: =COUNTIFS(H31:AQ31,"HO*",$H$6:$AQ$6,"<5") -> 2 | AX31: =COUNTIFS(H31:AQ31,"HO*",$H$6:$AQ$6,"5") -> 1 | AY31: =COUNTIFS(H31:AQ31,"HO*",$H$6:$AQ$6,"6")-COUNTIFS(H31:AQ31,"HO6",$H$6:$AQ$6,"6") -> 2 | AZ31: =COUNTIFS(H31:AQ31,"HO*",$H$6:$AQ$6,"7")-COUNTIFS(H31:AQ31,"HO6",$H$6:$AQ$6,"7") -> 0 | BA31: =COUNTIF(H31:AQ31,"HO6") -> 1 | BB31: =COUNTIF(H31:AQ31,"S") -> 1 | BC31: =SUM(AW31:AZ31)+BA31*0.5 -> 5.5 | BD31: =AW31*1+AX31*1.5+AY31*2.5+AZ31*2+BA31*0.5 -> 9 | BE31: =COUNTIFS(H31:AQ31,"",$H$6:$AQ$6,">5")+COUNTIFS(H31:AQ31,"X",$H$6:$AQ$6,">5") -> 9 | BF31: =COUNTIF(H31:AQ31,"WR*") -> 0 | BG31: =BD31/BC31 -> 1.6363636 | BH31: =BC31+AS31 -> 19 | BI31: =BD31+AT31 -> 27 | BJ31: =BE31+AU31 -> 26 | BK31: =BF31+AV31 -> 4 | BL31: =BI31/BH31 -> 1.4210526
B32: =B31+1 -> 28 | C32: =C31+1 -> 25 | D32: Joel Mahadevan Malcolm | E32: 62 | F32: =IFERROR(IF(VLOOKUP($D32,'Nov 25'!$D$8:$AI$43,31,0)=0,"",VLOOKUP($D32,'Nov 25'!$D$8:$AI$43,31,0)),"") | G32: =IFERROR(IF(VLOOKUP($D32,'Nov 25'!$D$8:$AI$43,32,0)=0,"",VLOOKUP($D32,'Nov 25'!$D$8:$AI$43,32,0)),"") | H32: HO4 | K32: HO5 | O32: S | R32: HO4 | Z32: HO4 | AC32: HO1 | AF32: AL | AI32: AL | AJ32: AL | AK32: AL | AM32: AL | AS32: =IFERROR(VLOOKUP($D32,'Nov 25'!$D$8:$BD$51,49,0),0) -> 13 | AT32: =IFERROR(VLOOKUP($D32,'Nov 25'!$D$8:$BD$51,50,0),0) -> 20 | AU32: =IFERROR(VLOOKUP($D32,'Nov 25'!$D$8:$BD$51,51,0),0) -> 18 | AV32: =IFERROR(VLOOKUP($D32,'Nov 25'!$D$8:$BD$51,52,0),0) -> 2 | AW32: =COUNTIFS(H32:AQ32,"HO*",$H$6:$AQ$6,"<5") -> 2 | AX32: =COUNTIFS(H32:AQ32,"HO*",$H$6:$AQ$6,"5") -> 2 | AY32: =COUNTIFS(H32:AQ32,"HO*",$H$6:$AQ$6,"6")-COUNTIFS(H32:AQ32,"HO6",$H$6:$AQ$6,"6") -> 1 | AZ32: =COUNTIFS(H32:AQ32,"HO*",$H$6:$AQ$6,"7")-COUNTIFS(H32:AQ32,"HO6",$H$6:$AQ$6,"7") -> 0 | BA32: =COUNTIF(H32:AQ32,"HO6") -> 0 | BB32: =COUNTIF(H32:AQ32,"S") -> 1 | BC32: =SUM(AW32:AZ32)+BA32*0.5 -> 5 | BD32: =AW32*1+AX32*1.5+AY32*2.5+AZ32*2+BA32*0.5 -> 7.5 | BE32: =COUNTIFS(H32:AQ32,"",$H$6:$AQ$6,">5")+COUNTIFS(H32:AQ32,"X",$H$6:$AQ$6,">5") -> 11 | BF32: =COUNTIF(H32:AQ32,"WR*") -> 0 | BG32: =BD32/BC32 -> 1.5 | BH32: =BC32+AS32 -> 18 | BI32: =BD32+AT32 -> 27.5 | BJ32: =BE32+AU32 -> 29 | BK32: =BF32+AV32 -> 2 | BL32: =BI32/BH32 -> 1.5277778
B33: =B32+1 -> 29 | C33: =C32+1 -> 26 | D33: Lee Yixuan | E33: 62 | F33: =IFERROR(IF(VLOOKUP($D33,'Nov 25'!$D$8:$AI$43,31,0)=0,"",VLOOKUP($D33,'Nov 25'!$D$8:$AI$43,31,0)),"") -> AB | G33: =IFERROR(IF(VLOOKUP($D33,'Nov 25'!$D$8:$AI$43,32,0)=0,"",VLOOKUP($D33,'Nov 25'!$D$8:$AI$43,32,0)),"") -> HO5 | N33: S | S33: HO4 | X33: HO3 | AA33: HO3 | AE33: HO6 | AH33: WR3 | AM33: HO4 | AQ33: HO4 | AS33: =IFERROR(VLOOKUP($D33,'Nov 25'!$D$8:$BD$51,49,0),0) -> 4 | AT33: =IFERROR(VLOOKUP($D33,'Nov 25'!$D$8:$BD$51,50,0),0) -> 5.5 | AU33: =IFERROR(VLOOKUP($D33,'Nov 25'!$D$8:$BD$51,51,0),0) -> 11 | AV33: =IFERROR(VLOOKUP($D33,'Nov 25'!$D$8:$BD$51,52,0),0) -> 2 | AW33: =COUNTIFS(H33:AQ33,"HO*",$H$6:$AQ$6,"<5") -> 2 | AX33: =COUNTIFS(H33:AQ33,"HO*",$H$6:$AQ$6,"5") -> 1 | AY33: =COUNTIFS(H33:AQ33,"HO*",$H$6:$AQ$6,"6")-COUNTIFS(H33:AQ33,"HO6",$H$6:$AQ$6,"6") -> 1 | AZ33: =COUNTIFS(H33:AQ33,"HO*",$H$6:$AQ$6,"7")-COUNTIFS(H33:AQ33,"HO6",$H$6:$AQ$6,"7") -> 1 | BA33: =COUNTIF(H33:AQ33,"HO6") -> 1 | BB33: =COUNTIF(H33:AQ33,"S") -> 1 | BC33: =SUM(AW33:AZ33)+BA33*0.5 -> 5.5 | BD33: =AW33*1+AX33*1.5+AY33*2.5+AZ33*2+BA33*0.5 -> 8.5 | BE33: =COUNTIFS(H33:AQ33,"",$H$6:$AQ$6,">5")+COUNTIFS(H33:AQ33,"X",$H$6:$AQ$6,">5") -> 8 | BF33: =COUNTIF(H33:AQ33,"WR*") -> 1 | BG33: =BD33/BC33 -> 1.5454545 | BH33: =BC33+AS33 -> 9.5 | BI33: =BD33+AT33 -> 14 | BJ33: =BE33+AU33 -> 19 | BK33: =BF33+AV33 -> 3 | BL33: =BI33/BH33 -> 1.4736842
B34: =B33+1 -> 30 | C34: =C33+1 -> 27 | D34: Gerald Ng | E34: 62 | F34: =IFERROR(IF(VLOOKUP($D34,'Nov 25'!$D$8:$AI$43,31,0)=0,"",VLOOKUP($D34,'Nov 25'!$D$8:$AI$43,31,0)),"") -> WR1 | G34: =IFERROR(IF(VLOOKUP($D34,'Nov 25'!$D$8:$AI$43,32,0)=0,"",VLOOKUP($D34,'Nov 25'!$D$8:$AI$43,32,0)),"") -> HO2 | M34: WR3 | N34: HO4 | T34: HO4 | X34: HO5 | AB34: HO3 | AG34: HO5 | AL34: HO6 | AO34: WR3 | AQ34: S | AS34: =IFERROR(VLOOKUP($D34,'Nov 25'!$D$8:$BD$51,49,0),0) -> 4 | AT34: =IFERROR(VLOOKUP($D34,'Nov 25'!$D$8:$BD$51,50,0),0) -> 6.5 | AU34: =IFERROR(VLOOKUP($D34,'Nov 25'!$D$8:$BD$51,51,0),0) -> 14 | AV34: =IFERROR(VLOOKUP($D34,'Nov 25'!$D$8:$BD$51,52,0),0) -> 1 | AW34: =COUNTIFS(H34:AQ34,"HO*",$H$6:$AQ$6,"<5") -> 3 | AX34: =COUNTIFS(H34:AQ34,"HO*",$H$6:$AQ$6,"5") -> 0 | AY34: =COUNTIFS(H34:AQ34,"HO*",$H$6:$AQ$6,"6")-COUNTIFS(H34:AQ34,"HO6",$H$6:$AQ$6,"6") -> 1 | AZ34: =COUNTIFS(H34:AQ34,"HO*",$H$6:$AQ$6,"7")-COUNTIFS(H34:AQ34,"HO6",$H$6:$AQ$6,"7") -> 1 | BA34: =COUNTIF(H34:AQ34,"HO6") -> 1 | BB34: =COUNTIF(H34:AQ34,"S") -> 1 | BC34: =SUM(AW34:AZ34)+BA34*0.5 -> 5.5 | BD34: =AW34*1+AX34*1.5+AY34*2.5+AZ34*2+BA34*0.5 -> 8 | BE34: =COUNTIFS(H34:AQ34,"",$H$6:$AQ$6,">5")+COUNTIFS(H34:AQ34,"X",$H$6:$AQ$6,">5") -> 7 | BF34: =COUNTIF(H34:AQ34,"WR*") -> 2 | BG34: =BD34/BC34 -> 1.4545455 | BH34: =BC34+AS34 -> 9.5 | BI34: =BD34+AT34 -> 14.5 | BJ34: =BE34+AU34 -> 21 | BK34: =BF34+AV34 -> 3 | BL34: =BI34/BH34 -> 1.5263158
B35: =B34+1 -> 31 | C35: =C34+1 -> 28 | D35: Maegan Ng | E35: 75 | F35: =IFERROR(IF(VLOOKUP($D35,'Nov 25'!$D$8:$AI$43,31,0)=0,"",VLOOKUP($D35,'Nov 25'!$D$8:$AI$43,31,0)),"") | G35: =IFERROR(IF(VLOOKUP($D35,'Nov 25'!$D$8:$AI$43,32,0)=0,"",VLOOKUP($D35,'Nov 25'!$D$8:$AI$43,32,0)),"") | H35: S | M35: HO6 | P35: HO4 | R35: AL | S35: AB | T35: AB | U35: AL | V35: AL | W35: AL | X35: AL | Y35: AL | AB35: AL | AC35: AL | AF35: HO4 | AI35: HO3 | AL35: WR3 | AN35: HO4 | AS35: =IFERROR(VLOOKUP($D35,'Nov 25'!$D$8:$BD$51,49,0),0) -> 14 | AT35: =IFERROR(VLOOKUP($D35,'Nov 25'!$D$8:$BD$51,50,0),0) -> 20.5 | AU35: =IFERROR(VLOOKUP($D35,'Nov 25'!$D$8:$BD$51,51,0),0) -> 22 | AV35: =IFERROR(VLOOKUP($D35,'Nov 25'!$D$8:$BD$51,52,0),0) -> 1 | AW35: =COUNTIFS(H35:AQ35,"HO*",$H$6:$AQ$6,"<5") -> 2 | AX35: =COUNTIFS(H35:AQ35,"HO*",$H$6:$AQ$6,"5") -> 1 | AY35: =COUNTIFS(H35:AQ35,"HO*",$H$6:$AQ$6,"6")-COUNTIFS(H35:AQ35,"HO6",$H$6:$AQ$6,"6") -> 1 | AZ35: =COUNTIFS(H35:AQ35,"HO*",$H$6:$AQ$6,"7")-COUNTIFS(H35:AQ35,"HO6",$H$6:$AQ$6,"7") -> 0 | BA35: =COUNTIF(H35:AQ35,"HO6") -> 1 | BB35: =COUNTIF(H35:AQ35,"S") -> 1 | BC35: =SUM(AW35:AZ35)+BA35*0.5 -> 4.5 | BD35: =AW35*1+AX35*1.5+AY35*2.5+AZ35*2+BA35*0.5 -> 6.5 | BE35: =COUNTIFS(H35:AQ35,"",$H$6:$AQ$6,">5")+COUNTIFS(H35:AQ35,"X",$H$6:$AQ$6,">5") -> 7 | BF35: =COUNTIF(H35:AQ35,"WR*") -> 1 | BG35: =BD35/BC35 -> 1.4444444 | BH35: =BC35+AS35 -> 18.5 | BI35: =BD35+AT35 -> 27 | BJ35: =BE35+AU35 -> 29 | BK35: =BF35+AV35 -> 2 | BL35: =BI35/BH35 -> 1.4594595
B36: =B35+1 -> 32 | C36: =C35+1 -> 29 | D36: Linus Ang | E36: 75 | F36: =IFERROR(IF(VLOOKUP($D36,'Nov 25'!$D$8:$AI$43,31,0)=0,"",VLOOKUP($D36,'Nov 25'!$D$8:$AI$43,31,0)),"") | G36: =IFERROR(IF(VLOOKUP($D36,'Nov 25'!$D$8:$AI$43,32,0)=0,"",VLOOKUP($D36,'Nov 25'!$D$8:$AI$43,32,0)),"") | I36: HO4 | N36: AL | O36: AL | P36: AL | Q36: AL | W36: HO5 | Z36: S | AD36: HO5 | AG36: WR3 | AL36: HO5 | AO36: HO4 | AS36: =IFERROR(VLOOKUP($D36,'Nov 25'!$D$8:$BD$51,49,0),0) -> 13.5 | AT36: =IFERROR(VLOOKUP($D36,'Nov 25'!$D$8:$BD$51,50,0),0) -> 19 | AU36: =IFERROR(VLOOKUP($D36,'Nov 25'!$D$8:$BD$51,51,0),0) -> 18 | AV36: =IFERROR(VLOOKUP($D36,'Nov 25'!$D$8:$BD$51,52,0),0) -> 2 | AW36: =COUNTIFS(H36:AQ36,"HO*",$H$6:$AQ$6,"<5") -> 2 | AX36: =COUNTIFS(H36:AQ36,"HO*",$H$6:$AQ$6,"5") -> 1 | AY36: =COUNTIFS(H36:AQ36,"HO*",$H$6:$AQ$6,"6")-COUNTIFS(H36:AQ36,"HO6",$H$6:$AQ$6,"6") -> 1 | AZ36: =COUNTIFS(H36:AQ36,"HO*",$H$6:$AQ$6,"7")-COUNTIFS(H36:AQ36,"HO6",$H$6:$AQ$6,"7") -> 1 | BA36: =COUNTIF(H36:AQ36,"HO6") -> 0 | BB36: =COUNTIF(H36:AQ36,"S") -> 1 | BC36: =SUM(AW36:AZ36)+BA36*0.5 -> 5 | BD36: =AW36*1+AX36*1.5+AY36*2.5+AZ36*2+BA36*0.5 -> 8 | BE36: =COUNTIFS(H36:AQ36,"",$H$6:$AQ$6,">5")+COUNTIFS(H36:AQ36,"X",$H$6:$AQ$6,">5") -> 8 | BF36: =COUNTIF(H36:AQ36,"WR*") -> 1 | BG36: =BD36/BC36 -> 1.6 | BH36: =BC36+AS36 -> 18.5 | BI36: =BD36+AT36 -> 27 | BJ36: =BE36+AU36 -> 26 | BK36: =BF36+AV36 -> 3 | BL36: =BI36/BH36 -> 1.4594595
B37: =B36+1 -> 33 | C37: =C36+1 -> 30 | D37: Seah Jing Yan | E37: 75 HAE/ONC | F37: =IFERROR(IF(VLOOKUP($D37,'Nov 25'!$D$8:$AI$43,31,0)=0,"",VLOOKUP($D37,'Nov 25'!$D$8:$AI$43,31,0)),"") | G37: =IFERROR(IF(VLOOKUP($D37,'Nov 25'!$D$8:$AI$43,32,0)=0,"",VLOOKUP($D37,'Nov 25'!$D$8:$AI$43,32,0)),"") | J37: HO2 | Q37: HO4 | T37: S | V37: AL | X37: AL | Z37: HO3 | AH37: WR2 | AK37: HO1 | AN37: HO6 | AS37: =IFERROR(VLOOKUP($D37,'Nov 25'!$D$8:$BD$51,49,0),0) -> 13.5 | AT37: =IFERROR(VLOOKUP($D37,'Nov 25'!$D$8:$BD$51,50,0),0) -> 20.5 | AU37: =IFERROR(VLOOKUP($D37,'Nov 25'!$D$8:$BD$51,51,0),0) -> 14 | AV37: =IFERROR(VLOOKUP($D37,'Nov 25'!$D$8:$BD$51,52,0),0) -> 2 | AW37: =COUNTIFS(H37:AQ37,"HO*",$H$6:$AQ$6,"<5") -> 2 | AX37: =COUNTIFS(H37:AQ37,"HO*",$H$6:$AQ$6,"5") -> 1 | AY37: =COUNTIFS(H37:AQ37,"HO*",$H$6:$AQ$6,"6")-COUNTIFS(H37:AQ37,"HO6",$H$6:$AQ$6,"6") -> 1 | AZ37: =COUNTIFS(H37:AQ37,"HO*",$H$6:$AQ$6,"7")-COUNTIFS(H37:AQ37,"HO6",$H$6:$AQ$6,"7") -> 0 | BA37: =COUNTIF(H37:AQ37,"HO6") -> 1 | BB37: =COUNTIF(H37:AQ37,"S") -> 1 | BC37: =SUM(AW37:AZ37)+BA37*0.5 -> 4.5 | BD37: =AW37*1+AX37*1.5+AY37*2.5+AZ37*2+BA37*0.5 -> 6.5 | BE37: =COUNTIFS(H37:AQ37,"",$H$6:$AQ$6,">5")+COUNTIFS(H37:AQ37,"X",$H$6:$AQ$6,">5") -> 8 | BF37: =COUNTIF(H37:AQ37,"WR*") -> 1 | BG37: =BD37/BC37 -> 1.4444444 | BH37: =BC37+AS37 -> 18 | BI37: =BD37+AT37 -> 27 | BJ37: =BE37+AU37 -> 22 | BK37: =BF37+AV37 -> 3 | BL37: =BI37/BH37 -> 1.5
B38: =B37+1 -> 34 | C38: =C37+1 -> 31 | D38: Nicholas Teo | E38: 76 HAE/ONC | F38: =IFERROR(IF(VLOOKUP($D38,'Nov 25'!$D$8:$AI$43,31,0)=0,"",VLOOKUP($D38,'Nov 25'!$D$8:$AI$43,31,0)),"") | G38: =IFERROR(IF(VLOOKUP($D38,'Nov 25'!$D$8:$AI$43,32,0)=0,"",VLOOKUP($D38,'Nov 25'!$D$8:$AI$43,32,0)),"") -> AL | H38: AL | M38: WR2 | O38: HO5 | T38: WR1 | X38: HO4 | AE38: WR3 | AF38: HO3 | AI38: S | AN38: HO3 | AQ38: AL | AS38: =IFERROR(VLOOKUP($D38,'Nov 25'!$D$8:$BD$51,49,0),0) -> 13 | AT38: =IFERROR(VLOOKUP($D38,'Nov 25'!$D$8:$BD$51,50,0),0) -> 21 | AU38: =IFERROR(VLOOKUP($D38,'Nov 25'!$D$8:$BD$51,51,0),0) -> 21 | AV38: =IFERROR(VLOOKUP($D38,'Nov 25'!$D$8:$BD$51,52,0),0) -> 0 | AW38: =COUNTIFS(H38:AQ38,"HO*",$H$6:$AQ$6,"<5") -> 2 | AX38: =COUNTIFS(H38:AQ38,"HO*",$H$6:$AQ$6,"5") -> 1 | AY38: =COUNTIFS(H38:AQ38,"HO*",$H$6:$AQ$6,"6")-COUNTIFS(H38:AQ38,"HO6",$H$6:$AQ$6,"6") -> 1 | AZ38: =COUNTIFS(H38:AQ38,"HO*",$H$6:$AQ$6,"7")-COUNTIFS(H38:AQ38,"HO6",$H$6:$AQ$6,"7") -> 0 | BA38: =COUNTIF(H38:AQ38,"HO6") -> 0 | BB38: =COUNTIF(H38:AQ38,"S") -> 1 | BC38: =SUM(AW38:AZ38)+BA38*0.5 -> 4 | BD38: =AW38*1+AX38*1.5+AY38*2.5+AZ38*2+BA38*0.5 -> 6 | BE38: =COUNTIFS(H38:AQ38,"",$H$6:$AQ$6,">5")+COUNTIFS(H38:AQ38,"X",$H$6:$AQ$6,">5") -> 8 | BF38: =COUNTIF(H38:AQ38,"WR*") -> 3 | BG38: =BD38/BC38 -> 1.5 | BH38: =BC38+AS38 -> 17 | BI38: =BD38+AT38 -> 27 | BJ38: =BE38+AU38 -> 29 | BK38: =BF38+AV38 -> 3 | BL38: =BI38/BH38 -> 1.5882353
B39: =B38+1 -> 35 | C39: =C38+1 -> 32 | D39: Sophie Tay | E39: 76 HAE/ONC | F39: =IFERROR(IF(VLOOKUP($D39,'Nov 25'!$D$8:$AI$43,31,0)=0,"",VLOOKUP($D39,'Nov 25'!$D$8:$AI$43,31,0)),"") | G39: =IFERROR(IF(VLOOKUP($D39,'Nov 25'!$D$8:$AI$43,32,0)=0,"",VLOOKUP($D39,'Nov 25'!$D$8:$AI$43,32,0)),"") | J39: HO4 | N39: AL | O39: AL | P39: AL | Q39: AL | R39: AL | S39: AB | T39: AB | W39: HO4 | AD39: HO4 | AG39: HO1 | AJ39: HO4 | AM39: HO2 | AP39: HO4 | AS39: =IFERROR(VLOOKUP($D39,'Nov 25'!$D$8:$BD$51,49,0),0) -> 13.5 | AT39: =IFERROR(VLOOKUP($D39,'Nov 25'!$D$8:$BD$51,50,0),0) -> 18 | AU39: =IFERROR(VLOOKUP($D39,'Nov 25'!$D$8:$BD$51,51,0),0) -> 19 | AV39: =IFERROR(VLOOKUP($D39,'Nov 25'!$D$8:$BD$51,52,0),0) -> 2 | AW39: =COUNTIFS(H39:AQ39,"HO*",$H$6:$AQ$6,"<5") -> 4 | AX39: =COUNTIFS(H39:AQ39,"HO*",$H$6:$AQ$6,"5") -> 2 | AY39: =COUNTIFS(H39:AQ39,"HO*",$H$6:$AQ$6,"6")-COUNTIFS(H39:AQ39,"HO6",$H$6:$AQ$6,"6") -> 1 | AZ39: =COUNTIFS(H39:AQ39,"HO*",$H$6:$AQ$6,"7")-COUNTIFS(H39:AQ39,"HO6",$H$6:$AQ$6,"7") -> 0 | BA39: =COUNTIF(H39:AQ39,"HO6") -> 0 | BB39: =COUNTIF(H39:AQ39,"S") -> 0 | BC39: =SUM(AW39:AZ39)+BA39*0.5 -> 7 | BD39: =AW39*1+AX39*1.5+AY39*2.5+AZ39*2+BA39*0.5 -> 9.5 | BE39: =COUNTIFS(H39:AQ39,"",$H$6:$AQ$6,">5")+COUNTIFS(H39:AQ39,"X",$H$6:$AQ$6,">5") -> 9 | BF39: =COUNTIF(H39:AQ39,"WR*") -> 0 | BG39: =BD39/BC39 -> 1.3571429 | BH39: =BC39+AS39 -> 20.5 | BI39: =BD39+AT39 -> 27.5 | BJ39: =BE39+AU39 -> 28 | BK39: =BF39+AV39 -> 2 | BL39: =BI39/BH39 -> 1.3414634
B40: =B39+1 -> 36 | C40: =C39+1 -> 33 | D40: Sabharwal Sachi | E40: 76 HAE/ONC | F40: =IFERROR(IF(VLOOKUP($D40,'Nov 25'!$D$8:$AI$43,31,0)=0,"",VLOOKUP($D40,'Nov 25'!$D$8:$AI$43,31,0)),"") | G40: =IFERROR(IF(VLOOKUP($D40,'Nov 25'!$D$8:$AI$43,32,0)=0,"",VLOOKUP($D40,'Nov 25'!$D$8:$AI$43,32,0)),"") | K40: HO4 | S40: WR3 | U40: HO4 | W40: AL | AA40: HO6 | AF40: S | AI40: HO4 | AL40: HO4 | AO40: HO5 | AS40: =IFERROR(VLOOKUP($D40,'Nov 25'!$D$8:$BD$51,49,0),0) -> 13 | AT40: =IFERROR(VLOOKUP($D40,'Nov 25'!$D$8:$BD$51,50,0),0) -> 18.5 | AU40: =IFERROR(VLOOKUP($D40,'Nov 25'!$D$8:$BD$51,51,0),0) -> 18 | AV40: =IFERROR(VLOOKUP($D40,'Nov 25'!$D$8:$BD$51,52,0),0) -> 2 | AW40: =COUNTIFS(H40:AQ40,"HO*",$H$6:$AQ$6,"<5") -> 2 | AX40: =COUNTIFS(H40:AQ40,"HO*",$H$6:$AQ$6,"5") -> 1 | AY40: =COUNTIFS(H40:AQ40,"HO*",$H$6:$AQ$6,"6")-COUNTIFS(H40:AQ40,"HO6",$H$6:$AQ$6,"6") -> 1 | AZ40: =COUNTIFS(H40:AQ40,"HO*",$H$6:$AQ$6,"7")-COUNTIFS(H40:AQ40,"HO6",$H$6:$AQ$6,"7") -> 1 | BA40: =COUNTIF(H40:AQ40,"HO6") -> 1 | BB40: =COUNTIF(H40:AQ40,"S") -> 1 | BC40: =SUM(AW40:AZ40)+BA40*0.5 -> 5.5 | BD40: =AW40*1+AX40*1.5+AY40*2.5+AZ40*2+BA40*0.5 -> 8.5 | BE40: =COUNTIFS(H40:AQ40,"",$H$6:$AQ$6,">5")+COUNTIFS(H40:AQ40,"X",$H$6:$AQ$6,">5") -> 8 | BF40: =COUNTIF(H40:AQ40,"WR*") -> 1 | BG40: =BD40/BC40 -> 1.5454545 | BH40: =BC40+AS40 -> 18.5 | BI40: =BD40+AT40 -> 27 | BJ40: =BE40+AU40 -> 26 | BK40: =BF40+AV40 -> 3 | BL40: =BI40/BH40 -> 1.4594595
B41: =B40+1 -> 37 | C41: =C40+1 -> 34 | D41: Ashley Ko | E41: CVM | F41: =IFERROR(IF(VLOOKUP($D41,'Nov 25'!$D$8:$AI$43,31,0)=0,"",VLOOKUP($D41,'Nov 25'!$D$8:$AI$43,31,0)),"") -> HO6 | G41: =IFERROR(IF(VLOOKUP($D41,'Nov 25'!$D$8:$AI$43,32,0)=0,"",VLOOKUP($D41,'Nov 25'!$D$8:$AI$43,32,0)),"") | I41: X | J41: S | M41: HO4 | P41: X | S41: WR1 | U41: HO1 | W41: X | Y41: HO1 | AB41: HO2 | AD41: X | AE41: HO1 | AG41: AB | AH41: AB | AI41: AL | AJ41: AL | AK41: AL | AM41: AL | AP41: HO2 | AS41: =IFERROR(VLOOKUP($D41,'Nov 25'!$D$8:$BD$51,49,0),0) -> 13.5 | AT41: =IFERROR(VLOOKUP($D41,'Nov 25'!$D$8:$BD$51,50,0),0) -> 18.5 | AU41: =IFERROR(VLOOKUP($D41,'Nov 25'!$D$8:$BD$51,51,0),0) -> 19 | AV41: =IFERROR(VLOOKUP($D41,'Nov 25'!$D$8:$BD$51,52,0),0) -> 1 | AW41: =COUNTIFS(H41:AQ41,"HO*",$H$6:$AQ$6,"<5") -> 3 | AX41: =COUNTIFS(H41:AQ41,"HO*",$H$6:$AQ$6,"5") -> 1 | AY41: =COUNTIFS(H41:AQ41,"HO*",$H$6:$AQ$6,"6")-COUNTIFS(H41:AQ41,"HO6",$H$6:$AQ$6,"6") -> 1 | AZ41: =COUNTIFS(H41:AQ41,"HO*",$H$6:$AQ$6,"7")-COUNTIFS(H41:AQ41,"HO6",$H$6:$AQ$6,"7") -> 1 | BA41: =COUNTIF(H41:AQ41,"HO6") -> 0 | BB41: =COUNTIF(H41:AQ41,"S") -> 1 | BC41: =SUM(AW41:AZ41)+BA41*0.5 -> 6 | BD41: =AW41*1+AX41*1.5+AY41*2.5+AZ41*2+BA41*0.5 -> 9 | BE41: =COUNTIFS(H41:AQ41,"",$H$6:$AQ$6,">5")+COUNTIFS(H41:AQ41,"X",$H$6:$AQ$6,">5") -> 7 | BF41: =COUNTIF(H41:AQ41,"WR*") -> 1 | BG41: =BD41/BC41 -> 1.5 | BH41: =BC41+AS41 -> 19.5 | BI41: =BD41+AT41 -> 27.5 | BJ41: =BE41+AU41 -> 26 | BK41: =BF41+AV41 -> 2 | BL41: =BI41/BH41 -> 1.4102564
B42: =B41+1 -> 38 | C42: =C41+1 -> 35 | D42: Aarthi Santhanakrishnan | E42: HD | F42: =IFERROR(IF(VLOOKUP($D42,'Nov 25'!$D$8:$AI$43,31,0)=0,"",VLOOKUP($D42,'Nov 25'!$D$8:$AI$43,31,0)),"") | G42: =IFERROR(IF(VLOOKUP($D42,'Nov 25'!$D$8:$AI$43,32,0)=0,"",VLOOKUP($D42,'Nov 25'!$D$8:$AI$43,32,0)),"") | H42: HO1 | M42: HO1 | P42: HO1 | S42: WR2 | U42: HO2 | AA42: HO1 | AD42: HO1 | AF42: AL | AI42: AL | AM42: S | AP42: AL | AS42: =IFERROR(VLOOKUP($D42,'Nov 25'!$D$8:$BD$51,49,0),0) -> 12 | AT42: =IFERROR(VLOOKUP($D42,'Nov 25'!$D$8:$BD$51,50,0),0) -> 18.5 | AU42: =IFERROR(VLOOKUP($D42,'Nov 25'!$D$8:$BD$51,51,0),0) -> 20 | AV42: =IFERROR(VLOOKUP($D42,'Nov 25'!$D$8:$BD$51,52,0),0) -> 2 | AW42: =COUNTIFS(H42:AQ42,"HO*",$H$6:$AQ$6,"<5") -> 3 | AX42: =COUNTIFS(H42:AQ42,"HO*",$H$6:$AQ$6,"5") -> 1 | AY42: =COUNTIFS(H42:AQ42,"HO*",$H$6:$AQ$6,"6")-COUNTIFS(H42:AQ42,"HO6",$H$6:$AQ$6,"6") -> 0 | AZ42: =COUNTIFS(H42:AQ42,"HO*",$H$6:$AQ$6,"7")-COUNTIFS(H42:AQ42,"HO6",$H$6:$AQ$6,"7") -> 2 | BA42: =COUNTIF(H42:AQ42,"HO6") -> 0 | BB42: =COUNTIF(H42:AQ42,"S") -> 1 | BC42: =SUM(AW42:AZ42)+BA42*0.5 -> 6 | BD42: =AW42*1+AX42*1.5+AY42*2.5+AZ42*2+BA42*0.5 -> 8.5 | BE42: =COUNTIFS(H42:AQ42,"",$H$6:$AQ$6,">5")+COUNTIFS(H42:AQ42,"X",$H$6:$AQ$6,">5") -> 9 | BF42: =COUNTIF(H42:AQ42,"WR*") -> 1 | BG42: =BD42/BC42 -> 1.4166667 | BH42: =BC42+AS42 -> 18 | BI42: =BD42+AT42 -> 27 | BJ42: =BE42+AU42 -> 29 | BK42: =BF42+AV42 -> 3 | BL42: =BI42/BH42 -> 1.5
B43: =B42+1 -> 39 | C43: =C42+1 -> 36 | D43: Rayna Mak | E43: HD | F43: =IFERROR(IF(VLOOKUP($D43,'Nov 25'!$D$8:$AI$43,31,0)=0,"",VLOOKUP($D43,'Nov 25'!$D$8:$AI$43,31,0)),"") -> HO2 | G43: =IFERROR(IF(VLOOKUP($D43,'Nov 25'!$D$8:$AI$43,32,0)=0,"",VLOOKUP($D43,'Nov 25'!$D$8:$AI$43,32,0)),"") | K43: HO1 | N43: HO1 | Q43: S | T43: WR3 | V43: HO1 | Y43: AL | AB43: AL | AC43: AL | AD43: AL | AH43: HO6 | AN43: HO1 | AS43: =IFERROR(VLOOKUP($D43,'Nov 25'!$D$8:$BD$51,49,0),0) -> 13.5 | AT43: =IFERROR(VLOOKUP($D43,'Nov 25'!$D$8:$BD$51,50,0),0) -> 20.5 | AU43: =IFERROR(VLOOKUP($D43,'Nov 25'!$D$8:$BD$51,51,0),0) -> 19 | AV43: =IFERROR(VLOOKUP($D43,'Nov 25'!$D$8:$BD$51,52,0),0) -> 2 | AW43: =COUNTIFS(H43:AQ43,"HO*",$H$6:$AQ$6,"<5") -> 2 | AX43: =COUNTIFS(H43:AQ43,"HO*",$H$6:$AQ$6,"5") -> 1 | AY43: =COUNTIFS(H43:AQ43,"HO*",$H$6:$AQ$6,"6")-COUNTIFS(H43:AQ43,"HO6",$H$6:$AQ$6,"6") -> 1 | AZ43: =COUNTIFS(H43:AQ43,"HO*",$H$6:$AQ$6,"7")-COUNTIFS(H43:AQ43,"HO6",$H$6:$AQ$6,"7") -> 0 | BA43: =COUNTIF(H43:AQ43,"HO6") -> 1 | BB43: =COUNTIF(H43:AQ43,"S") -> 1 | BC43: =SUM(AW43:AZ43)+BA43*0.5 -> 4.5 | BD43: =AW43*1+AX43*1.5+AY43*2.5+AZ43*2+BA43*0.5 -> 6.5 | BE43: =COUNTIFS(H43:AQ43,"",$H$6:$AQ$6,">5")+COUNTIFS(H43:AQ43,"X",$H$6:$AQ$6,">5") -> 9 | BF43: =COUNTIF(H43:AQ43,"WR*") -> 1 | BG43: =BD43/BC43 -> 1.4444444 | BH43: =BC43+AS43 -> 18 | BI43: =BD43+AT43 -> 27 | BJ43: =BE43+AU43 -> 28 | BK43: =BF43+AV43 -> 3 | BL43: =BI43/BH43 -> 1.5
E45: Check | H45: =AND(H46=1,H47=1,H48=1,H49=1,H50=1,H53=1,OR(SUM(H51:H52)=0,SUM(H51:H52)=4)) -> TRUE | I45: =AND(I46=1,I47=1,I48=1,I49=1,I50=1,I53=1,OR(SUM(I51:I52)=0,SUM(I51:I52)=4)) -> TRUE | J45: =AND(J46=1,J47=1,J48=1,J49=1,J50=1,J53=1,OR(SUM(J51:J52)=0,SUM(J51:J52)=4)) -> TRUE | K45: =AND(K46=1,K47=1,K48=1,K49=1,K50=1,K53=1,OR(SUM(K51:K52)=0,SUM(K51:K52)=4)) -> TRUE | L45: =AND(L46=1,L47=1,L48=1,L49=1,L50=1,L53=1,OR(SUM(L51:L52)=0,SUM(L51:L52)=4)) -> TRUE | M45: =AND(M46=1,M47=1,M48=1,M49=1,M50=1,M53=1,OR(SUM(M51:M52)=0,SUM(M51:M52)=4)) -> TRUE | N45: =AND(N46=1,N47=1,N48=1,N49=1,N50=1,N53=1,OR(SUM(N51:N52)=0,SUM(N51:N52)=4)) -> TRUE | O45: =AND(O46=1,O47=1,O48=1,O49=1,O50=1,O53=1,OR(SUM(O51:O52)=0,SUM(O51:O52)=4)) -> TRUE | ... AQ45: =AND(AQ46=1,AQ47=1,AQ48=1,AQ49=1,AQ50=1,AQ53=1,OR(SUM(AQ51:AQ52)=0,SUM(AQ51:AQ52)=4)) -> TRUE
E46: HO1 | H46: =COUNTIFS(H$8:H$43,$E46) -> 1 | I46: =COUNTIFS(I$8:I$43,$E46) -> 1 | J46: =COUNTIFS(J$8:J$43,$E46) -> 1 | K46: =COUNTIFS(K$8:K$43,$E46) -> 1 | L46: =COUNTIFS(L$8:L$43,$E46) -> 1 | M46: =COUNTIFS(M$8:M$43,$E46) -> 1 | N46: =COUNTIFS(N$8:N$43,$E46) -> 1 | O46: =COUNTIFS(O$8:O$43,$E46) -> 1 | ... AQ46: =COUNTIFS(AQ$8:AQ$43,$E46) -> 1
E47: HO2 | H47: =COUNTIFS(H$8:H$43,$E47) -> 1 | I47: =COUNTIFS(I$8:I$43,$E47) -> 1 | J47: =COUNTIFS(J$8:J$43,$E47) -> 1 | K47: =COUNTIFS(K$8:K$43,$E47) -> 1 | L47: =COUNTIFS(L$8:L$43,$E47) -> 1 | M47: =COUNTIFS(M$8:M$43,$E47) -> 1 | N47: =COUNTIFS(N$8:N$43,$E47) -> 1 | O47: =COUNTIFS(O$8:O$43,$E47) -> 1 | ... AQ47: =COUNTIFS(AQ$8:AQ$43,$E47) -> 1
E48: HO3 | H48: =COUNTIFS(H$8:H$43,$E48) -> 1 | I48: =COUNTIFS(I$8:I$43,$E48) -> 1 | J48: =COUNTIFS(J$8:J$43,$E48) -> 1 | K48: =COUNTIFS(K$8:K$43,$E48) -> 1 | L48: =COUNTIFS(L$8:L$43,$E48) -> 1 | M48: =COUNTIFS(M$8:M$43,$E48) -> 1 | N48: =COUNTIFS(N$8:N$43,$E48) -> 1 | O48: =COUNTIFS(O$8:O$43,$E48) -> 1 | ... AQ48: =COUNTIFS(AQ$8:AQ$43,$E48) -> 1
E49: HO4 | H49: =COUNTIFS(H$8:H$43,$E49) -> 1 | I49: =COUNTIFS(I$8:I$43,$E49) -> 1 | J49: =COUNTIFS(J$8:J$43,$E49) -> 1 | K49: =COUNTIFS(K$8:K$43,$E49) -> 1 | L49: =COUNTIFS(L$8:L$43,$E49) -> 1 | M49: =COUNTIFS(M$8:M$43,$E49) -> 1 | N49: =COUNTIFS(N$8:N$43,$E49) -> 1 | O49: =COUNTIFS(O$8:O$43,$E49) -> 1 | ... AQ49: =COUNTIFS(AQ$8:AQ$43,$E49) -> 1
E50: HO5 | H50: =COUNTIFS(H$8:H$43,$E50) -> 1 | I50: =COUNTIFS(I$8:I$43,$E50) -> 1 | J50: =COUNTIFS(J$8:J$43,$E50) -> 1 | K50: =COUNTIFS(K$8:K$43,$E50) -> 1 | L50: =COUNTIFS(L$8:L$43,$E50) -> 1 | M50: =COUNTIFS(M$8:M$43,$E50) -> 1 | N50: =COUNTIFS(N$8:N$43,$E50) -> 1 | O50: =COUNTIFS(O$8:O$43,$E50) -> 1 | ... AQ50: =COUNTIFS(AQ$8:AQ$43,$E50) -> 1
E51: HO6 | H51: =COUNTIFS(H$8:H$43,$E51) -> 0 | I51: =COUNTIFS(I$8:I$43,$E51) -> 0 | J51: =COUNTIFS(J$8:J$43,$E51) -> 0 | K51: =COUNTIFS(K$8:K$43,$E51) -> 0 | L51: =COUNTIFS(L$8:L$43,$E51) -> 1 | M51: =COUNTIFS(M$8:M$43,$E51) -> 1 | N51: =COUNTIFS(N$8:N$43,$E51) -> 0 | O51: =COUNTIFS(O$8:O$43,$E51) -> 0 | ... AQ51: =COUNTIFS(AQ$8:AQ$43,$E51) -> 0
E52: Rounder | H52: =COUNTIFS(H$8:H$43,"WR*") -> 0 | I52: =COUNTIFS(I$8:I$43,"WR*") -> 0 | J52: =COUNTIFS(J$8:J$43,"WR*") -> 0 | K52: =COUNTIFS(K$8:K$43,"WR*") -> 0 | L52: =COUNTIFS(L$8:L$43,"WR*") -> 3 | M52: =COUNTIFS(M$8:M$43,"WR*") -> 3 | N52: =COUNTIFS(N$8:N$43,"WR*") -> 0 | O52: =COUNTIFS(O$8:O$43,"WR*") -> 0 | ... AQ52: =COUNTIFS(AQ$8:AQ$43,"WR*") -> 0
E53: Standby | H53: =COUNTIFS(H$8:H$43,"S") -> 1 | I53: =COUNTIFS(I$8:I$43,"S") -> 1 | J53: =COUNTIFS(J$8:J$43,"S") -> 1 | K53: =COUNTIFS(K$8:K$43,"S") -> 1 | L53: =COUNTIFS(L$8:L$43,"S") -> 1 | M53: =COUNTIFS(M$8:M$43,"S") -> 1 | N53: =COUNTIFS(N$8:N$43,"S") -> 1 | O53: =COUNTIFS(O$8:O$43,"S") -> 1 | ... AQ53: =COUNTIFS(AQ$8:AQ$43,"S") -> 1
D56: Previous month: | E56: =TEXT(D3-1,"mmm yy") -> Nov 25
D57: H Value: | E57: 53
D58: End column: | E58: =SUBSTITUTE(ADDRESS(1,COLUMN(D5)+E57-1,4),"1","") -> BD
D59: V Value: | E59: 39

Sheet Nov 25
D2: 1 | E2: =D2+1 -> 2 | F2: =E2+1 -> 3 | G2: =F2+1 -> 4 | H2: =G2+1 -> 5 | I2: =H2+1 -> 6 | J2: =I2+1 -> 7 | K2: =J2+1 -> 8 | L2: =K2+1 -> 9 | ... BD2: =BC2+1 -> 53
D3: 45962 | E3: PH? | F3: N | G3: N | H3: N | I3: N | J3: N | K3: N | L3: N | M3: N | N3: N | O3: N | P3: N | Q3: N | R3: N | S3: N | T3: N | U3: N | V3: N | W3: N | X3: N | Y3: N | Z3: N | AA3: N | AB3: N | AC3: N | AD3: N | AE3: N | AF3: N | AG3: N | AH3: N | AI3: N | AK3: Imported
F4: Last cycle | H4: New cycle | AK4: Last cycle | AO4: This cycle
B5: 1 | F5: 45963 | G5: =F5+1 -> 45964 | H5: =G5+1 -> 45965 | I5: =H5+1 -> 45966 | J5: =I5+1 -> 45967 | K5: =J5+1 -> 45968 | L5: =K5+1 -> 45969 | M5: =L5+1 -> 45970 | N5: =M5+1 -> 45971 | ... AI5: =AH5+1 -> 45992 | AK5: Culmulative | AO5: Calls | AU5: Calculated | AZ5: Culmulative
B6: =B5+1 -> 2 | F6: =WEEKDAY(F5,2) -> 7 | G6: =WEEKDAY(G5,2) -> 1 | H6: =WEEKDAY(H5,2) -> 2 | I6: =WEEKDAY(I5,2) -> 3 | J6: =WEEKDAY(J5,2) -> 4 | K6: =WEEKDAY(K5,2) -> 5 | L6: =WEEKDAY(L5,2) -> 6 | M6: =WEEKDAY(M5,2) -> 7 | ... AI6: =WEEKDAY(AI5,2) -> 1
B7: =B6+1 -> 3 | C7: S/N | D7: House Officers | E7: Home ward | F7: =VLOOKUP(WEEKDAY(F5,2),Index!$B$2:$C$8,2,0) -> Sunday | G7: =VLOOKUP(WEEKDAY(G5,2),Index!$B$2:$C$8,2,0) -> Monday | H7: =VLOOKUP(WEEKDAY(H5,2),Index!$B$2:$C$8,2,0) -> Tuesday | I7: =VLOOKUP(WEEKDAY(I5,2),Index!$B$2:$C$8,2,0) -> Wednesday | J7: =VLOOKUP(WEEKDAY(J5,2),Index!$B$2:$C$8,2,0) -> Thursday | K7: =VLOOKUP(WEEKDAY(K5,2),Index!$B$2:$C$8,2,0) -> Friday | L7: =VLOOKUP(WEEKDAY(L5,2),Index!$B$2:$C$8,2,0) -> Saturday | M7: =VLOOKUP(WEEKDAY(M5,2),Index!$B$2:$C$8,2,0) -> Sunday | ... AI7: =VLOOKUP(WEEKDAY(AI5,2),Index!$B$2:$C$8,2,0) -> Monday | AK7: # of calls | AL7: Call points | AM7: Weekends off | AN7: Weekend rounds | AO7: Weekday | AP7: Friday/Pre-PH | AQ7: Satuday/PH | AR7: Sunday | AS7: HO6 | AT7: S | AU7: # of calls | AV7: Call points | AW7: Weekends off | AX7: Weekend rounds | AY7: Average points per call | AZ7: # of calls | BA7: Call points | BB7: Weekends off | BC7: Weekend rounds | BD7: Average points per call
B8: =B7+1 -> 4 | C8: 1 | D8: Elizabeth Chua | E8: 31 | F8: =IFERROR(IF(VLOOKUP($D8,'Oct 25'!$C$8:$AH$51,31,0)=0,"",VLOOKUP($D8,'Oct 25'!$C$8:$AH$51,31,0)),"") | G8: =IFERROR(IF(VLOOKUP($D8,'Oct 25'!$C$8:$AH$51,32,0)=0,"",VLOOKUP($D8,'Oct 25'!$C$8:$AH$51,32,0)),"") -> HO4 | K8: HO1 | N8: S | S8: WR2 | X8: HO1 | AB8: AL | AC8: AL | AD8: AL | AF8: HO5 | AK8: =IFERROR(VLOOKUP($D8,'Oct 25'!$C$8:$BC$51,49,0),0) -> 10 | AL8: =IFERROR(VLOOKUP($D8,'Oct 25'!$C$8:$BC$51,50,0),0) -> 15 | AM8: =IFERROR(VLOOKUP($D8,'Oct 25'!$C$8:$BC$51,51,0),0) -> 12 | AN8: =IFERROR(VLOOKUP($D8,'Oct 25'!$C$8:$BC$51,52,0),0) -> 2 | AO8: =COUNTIFS(H8:AI8,"HO*",$H$6:$AI$6,"<5") -> 1 | AP8: =COUNTIFS(H8:AI8,"HO*",$H$6:$AI$6,"5") -> 2 | AQ8: =COUNTIFS(H8:AI8,"HO*",$H$6:$AI$6,"6")-COUNTIFS(H8:AI8,"HO6",$H$6:$AI$6,"6") -> 0 | AR8: =COUNTIFS(H8:AI8,"HO*",$H$6:$AI$6,"7")-COUNTIFS(H8:AI8,"HO6",$H$6:$AI$6,"7") -> 0 | AS8: =COUNTIF(H8:AI8,"HO6") -> 0 | AT8: =COUNTIF(H8:AI8,"S") -> 1 | AU8: =SUM(AO8:AR8)+AS8*0.5 -> 3 | AV8: =AO8*1+AP8*1.5+AQ8*2.5+AR8*2+AS8*0.5 -> 4 | AW8: =COUNTIFS(H8:AI8,"",$H$6:$AI$6,">5")+COUNTIFS(H8:AI8,"X",$H$6:$AI$6,">5") -> 7 | AX8: =COUNTIF(H8:AI8,"WR*") -> 1 | AY8: =AV8/AU8 -> 1.3333333 | AZ8: =AU8+AK8 -> 13 | BA8: =AV8+AL8 -> 19 | BB8: =AW8+AM8 -> 19 | BC8: =AX8+AN8 -> 3 | BD8: =BA8/AZ8 -> 1.4615385
B9: =B8+1 -> 5 | C9: =C8+1 -> 2 | D9: Ashley Ko | E9: 31 | F9: =IFERROR(IF(VLOOKUP($D9,'Oct 25'!$C$8:$AH$51,31,0)=0,"",VLOOKUP($D9,'Oct 25'!$C$8:$AH$51,31,0)),"") -> HO4 | G9: =IFERROR(IF(VLOOKUP($D9,'Oct 25'!$C$8:$AH$51,32,0)=0,"",VLOOKUP($D9,'Oct 25'!$C$8:$AH$51,32,0)),"") | M9: HO3 | P9: HO5 | R9: AL | U9: AL | V9: HO1 | Y9: HO1 | AE9: S | AH9: HO6 | AK9: =IFERROR(VLOOKUP($D9,'Oct 25'!$C$8:$BC$51,49,0),0) -> 9 | AL9: =IFERROR(VLOOKUP($D9,'Oct 25'!$C$8:$BC$51,50,0),0) -> 12.5 | AM9: =IFERROR(VLOOKUP($D9,'Oct 25'!$C$8:$BC$51,51,0),0) -> 13 | AN9: =IFERROR(VLOOKUP($D9,'Oct 25'!$C$8:$BC$51,52,0),0) -> 1 | AO9: =COUNTIFS(H9:AI9,"HO*",$H$6:$AI$6,"<5") -> 2 | AP9: =COUNTIFS(H9:AI9,"HO*",$H$6:$AI$6,"5") -> 1 | AQ9: =COUNTIFS(H9:AI9,"HO*",$H$6:$AI$6,"6")-COUNTIFS(H9:AI9,"HO6",$H$6:$AI$6,"6") -> 0 | AR9: =COUNTIFS(H9:AI9,"HO*",$H$6:$AI$6,"7")-COUNTIFS(H9:AI9,"HO6",$H$6:$AI$6,"7") -> 1 | AS9: =COUNTIF(H9:AI9,"HO6") -> 1 | AT9: =COUNTIF(H9:AI9,"S") -> 1 | AU9: =SUM(AO9:AR9)+AS9*0.5 -> 4.5 | AV9: =AO9*1+AP9*1.5+AQ9*2.5+AR9*2+AS9*0.5 -> 6 | AW9: =COUNTIFS(H9:AI9,"",$H$6:$AI$6,">5")+COUNTIFS(H9:AI9,"X",$H$6:$AI$6,">5") -> 6 | AX9: =COUNTIF(H9:AI9,"WR*") -> 0 | AY9: =AV9/AU9 -> 1.3333333 | AZ9: =AU9+AK9 -> 13.5 | BA9: =AV9+AL9 -> 18.5 | BB9: =AW9+AM9 -> 19 | BC9: =AX9+AN9 -> 1 | BD9: =BA9/AZ9 -> 1.3703704
B10: =B9+1 -> 6 | C10: =C9+1 -> 3 | D10: Glenda Wee | E10: 31 | F10: =IFERROR(IF(VLOOKUP($D10,'Oct 25'!$C$8:$AH$51,31,0)=0,"",VLOOKUP($D10,'Oct 25'!$C$8:$AH$51,31,0)),"") | G10: =IFERROR(IF(VLOOKUP($D10,'Oct 25'!$C$8:$AH$51,32,0)=0,"",VLOOKUP($D10,'Oct 25'!$C$8:$AH$51,32,0)),"") | H10: HO1 | L10: HO5 | O10: S | S10: WR3 | U10: HO1 | Z10: HO2 | AD10: HO2 | AK10: =IFERROR(VLOOKUP($D10,'Oct 25'!$C$8:$BC$51,49,0),0) -> 0 | AL10: =IFERROR(VLOOKUP($D10,'Oct 25'!$C$8:$BC$51,50,0),0) -> 0 | AM10: =IFERROR(VLOOKUP($D10,'Oct 25'!$C$8:$BC$51,51,0),0) -> 9 | AN10: =IFERROR(VLOOKUP($D10,'Oct 25'!$C$8:$BC$51,52,0),0) -> 0 | AO10: =COUNTIFS(H10:AI10,"HO*",$H$6:$AI$6,"<5") -> 3 | AP10: =COUNTIFS(H10:AI10,"HO*",$H$6:$AI$6,"5") -> 0 | AQ10: =COUNTIFS(H10:AI10,"HO*",$H$6:$AI$6,"6")-COUNTIFS(H10:AI10,"HO6",$H$6:$AI$6,"6") -> 2 | AR10: =COUNTIFS(H10:AI10,"HO*",$H$6:$AI$6,"7")-COUNTIFS(H10:AI10,"HO6",$H$6:$AI$6,"7") -> 0 | AS10: =COUNTIF(H10:AI10,"HO6") -> 0 | AT10: =COUNTIF(H10:AI10,"S") -> 1 | AU10: =SUM(AO10:AR10)+AS10*0.5 -> 5 | AV10: =AO10*1+AP10*1.5+AQ10*2.5+AR10*2+AS10*0.5 -> 8 | AW10: =COUNTIFS(H10:AI10,"",$H$6:$AI$6,">5")+COUNTIFS(H10:AI10,"X",$H$6:$AI$6,">5") -> 5 | AX10: =COUNTIF(H10:AI10,"WR*") -> 1 | AY10: =AV10/AU10 -> 1.6 | AZ10: =AU10+AK10 -> 5 | BA10: =AV10+AL10 -> 8 | BB10: =AW10+AM10 -> 14 | BC10: =AX10+AN10 -> 1 | BD10: =BA10/AZ10 -> 1.6
B11: =B10+1 -> 7 | C11: =C10+1 -> 4 | D11: Seah Jing Yan | E11: 55 | F11: =IFERROR(IF(VLOOKUP($D11,'Oct 25'!$C$8:$AH$51,31,0)=0,"",VLOOKUP($D11,'Oct 25'!$C$8:$AH$51,31,0)),"") -> HO1 | G11: =IFERROR(IF(VLOOKUP($D11,'Oct 25'!$C$8:$AH$51,32,0)=0,"",VLOOKUP($D11,'Oct 25'!$C$8:$AH$51,32,0)),"") | J11: HO1 | Q11: HO1 | T11: S | V11: AL | W11: AL | X11: AL | Y11: AL | Z11: AB | AA11: AB | AB11: AL | AC11: AL | AD11: HO1 | AG11: HO1 | AK11: =IFERROR(VLOOKUP($D11,'Oct 25'!$C$8:$BC$51,49,0),0) -> 9.5 | AL11: =IFERROR(VLOOKUP($D11,'Oct 25'!$C$8:$BC$51,50,0),0) -> 15 | AM11: =IFERROR(VLOOKUP($D11,'Oct 25'!$C$8:$BC$51,51,0),0) -> 10 | AN11: =IFERROR(VLOOKUP($D11,'Oct 25'!$C$8:$BC$51,52,0),0) -> 2 | AO11: =COUNTIFS(H11:AI11,"HO*",$H$6:$AI$6,"<5") -> 3 | AP11: =COUNTIFS(H11:AI11,"HO*",$H$6:$AI$6,"5") -> 0 | AQ11: =COUNTIFS(H11:AI11,"HO*",$H$6:$AI$6,"6")-COUNTIFS(H11:AI11,"HO6",$H$6:$AI$6,"6") -> 1 | AR11: =COUNTIFS(H11:AI11,"HO*",$H$6:$AI$6,"7")-COUNTIFS(H11:AI11,"HO6",$H$6:$AI$6,"7") -> 0 | AS11: =COUNTIF(H11:AI11,"HO6") -> 0 | AT11: =COUNTIF(H11:AI11,"S") -> 1 | AU11: =SUM(AO11:AR11)+AS11*0.5 -> 4 | AV11: =AO11*1+AP11*1.5+AQ11*2.5+AR11*2+AS11*0.5 -> 5.5 | AW11: =COUNTIFS(H11:AI11,"",$H$6:$AI$6,">5")+COUNTIFS(H11:AI11,"X",$H$6:$AI$6,">5") -> 4 | AX11: =COUNTIF(H11:AI11,"WR*") -> 0 | AY11: =AV11/AU11 -> 1.375 | AZ11: =AU11+AK11 -> 13.5 | BA11: =AV11+AL11 -> 20.5 | BB11: =AW11+AM11 -> 14 | BC11: =AX11+AN11 -> 2 | BD11: =BA11/AZ11 -> 1.5185185
B12: =B11+1 -> 8 | C12: =C11+1 -> 5 | D12: Sophie Tay | E12: 55 | F12: =IFERROR(IF(VLOOKUP($D12,'Oct 25'!$C$8:$AH$51,31,0)=0,"",VLOOKUP($D12,'Oct 25'!$C$8:$AH$51,31,0)),"") | G12: =IFERROR(IF(VLOOKUP($D12,'Oct 25'!$C$8:$AH$51,32,0)=0,"",VLOOKUP($D12,'Oct 25'!$C$8:$AH$51,32,0)),"") | H12: S | K12: HO5 | N12: AL | O12: AL | P12: AL | Q12: AL | R12: AL | S12: AB | T12: AB | W12: HO1 | AA12: HO6 | AK12: =IFERROR(VLOOKUP($D12,'Oct 25'!$C$8:$BC$51,49,0),0) -> 11 | AL12: =IFERROR(VLOOKUP($D12,'Oct 25'!$C$8:$BC$51,50,0),0) -> 15 | AM12: =IFERROR(VLOOKUP($D12,'Oct 25'!$C$8:$BC$51,51,0),0) -> 14 | AN12: =IFERROR(VLOOKUP($D12,'Oct 25'!$C$8:$BC$51,52,0),0) -> 2 | AO12: =COUNTIFS(H12:AI12,"HO*",$H$6:$AI$6,"<5") -> 1 | AP12: =COUNTIFS(H12:AI12,"HO*",$H$6:$AI$6,"5") -> 1 | AQ12: =COUNTIFS(H12:AI12,"HO*",$H$6:$AI$6,"6")-COUNTIFS(H12:AI12,"HO6",$H$6:$AI$6,"6") -> 0 | AR12: =COUNTIFS(H12:AI12,"HO*",$H$6:$AI$6,"7")-COUNTIFS(H12:AI12,"HO6",$H$6:$AI$6,"7") -> 0 | AS12: =COUNTIF(H12:AI12,"HO6") -> 1 | AT12: =COUNTIF(H12:AI12,"S") -> 1 | AU12: =SUM(AO12:AR12)+AS12*0.5 -> 2.5 | AV12: =AO12*1+AP12*1.5+AQ12*2.5+AR12*2+AS12*0.5 -> 3 | AW12: =COUNTIFS(H12:AI12,"",$H$6:$AI$6,">5")+COUNTIFS(H12:AI12,"X",$H$6:$AI$6,">5") -> 5 | AX12: =COUNTIF(H12:AI12,"WR*") -> 0 | AY12: =AV12/AU12 -> 1.2 | AZ12: =AU12+AK12 -> 13.5 | BA12: =AV12+AL12 -> 18 | BB12: =AW12+AM12 -> 19 | BC12: =AX12+AN12 -> 2 | BD12: =BA12/AZ12 -> 1.3333333
B13: =B12+1 -> 9 | C13: =C12+1 -> 6 | D13: Elizabeth Cheng | E13: 51 | F13: =IFERROR(IF(VLOOKUP($D13,'Oct 25'!$C$8:$AH$51,31,0)=0,"",VLOOKUP($D13,'Oct 25'!$C$8:$AH$51,31,0)),"") | G13: =IFERROR(IF(VLOOKUP($D13,'Oct 25'!$C$8:$AH$51,32,0)=0,"",VLOOKUP($D13,'Oct 25'!$C$8:$AH$51,32,0)),"") | H13: HO5 | L13: HO1 | R13: HO1 | U13: S | X13: AL | Y13: AL | AC13: HO1 | AG13: WR1 | AI13: HO1 | AK13: =IFERROR(VLOOKUP($D13,'Oct 25'!$C$8:$BC$51,49,0),0) -> 0 | AL13: =IFERROR(VLOOKUP($D13,'Oct 25'!$C$8:$BC$51,50,0),0) -> 0 | AM13: =IFERROR(VLOOKUP($D13,'Oct 25'!$C$8:$BC$51,51,0),0) -> 9 | AN13: =IFERROR(VLOOKUP($D13,'Oct 25'!$C$8:$BC$51,52,0),0) -> 0 | AO13: =COUNTIFS(H13:AI13,"HO*",$H$6:$AI$6,"<5") -> 3 | AP13: =COUNTIFS(H13:AI13,"HO*",$H$6:$AI$6,"5") -> 1 | AQ13: =COUNTIFS(H13:AI13,"HO*",$H$6:$AI$6,"6")-COUNTIFS(H13:AI13,"HO6",$H$6:$AI$6,"6") -> 1 | AR13: =COUNTIFS(H13:AI13,"HO*",$H$6:$AI$6,"7")-COUNTIFS(H13:AI13,"HO6",$H$6:$AI$6,"7") -> 0 | AS13: =COUNTIF(H13:AI13,"HO6") -> 0 | AT13: =COUNTIF(H13:AI13,"S") -> 1 | AU13: =SUM(AO13:AR13)+AS13*0.5 -> 5 | AV13: =AO13*1+AP13*1.5+AQ13*2.5+AR13*2+AS13*0.5 -> 7 | AW13: =COUNTIFS(H13:AI13,"",$H$6:$AI$6,">5")+COUNTIFS(H13:AI13,"X",$H$6:$AI$6,">5") -> 6 | AX13: =COUNTIF(H13:AI13,"WR*") -> 1 | AY13: =AV13/AU13 -> 1.4 | AZ13: =AU13+AK13 -> 5 | BA13: =AV13+AL13 -> 7 | BB13: =AW13+AM13 -> 15 | BC13: =AX13+AN13 -> 1 | BD13: =BA13/AZ13 -> 1.4
B14: =B13+1 -> 10 | C14: =C13+1 -> 7 | D14: Elizabeth Leong | E14: 46 | F14: =IFERROR(IF(VLOOKUP($D14,'Oct 25'!$C$8:$AH$51,31,0)=0,"",VLOOKUP($D14,'Oct 25'!$C$8:$AH$51,31,0)),"") | G14: =IFERROR(IF(VLOOKUP($D14,'Oct 25'!$C$8:$AH$51,32,0)=0,"",VLOOKUP($D14,'Oct 25'!$C$8:$AH$51,32,0)),"") -> HO1 | K14: S | N14: X | Q14: HO2 | T14: WR1 | Y14: HO5 | AC14: HO2 | AE14: AL | AF14: AL | AI14: AL | AK14: =IFERROR(VLOOKUP($D14,'Oct 25'!$C$8:$BC$51,49,0),0) -> 10 | AL14: =IFERROR(VLOOKUP($D14,'Oct 25'!$C$8:$BC$51,50,0),0) -> 14.5 | AM14: =IFERROR(VLOOKUP($D14,'Oct 25'!$C$8:$BC$51,51,0),0) -> 13 | AN14: =IFERROR(VLOOKUP($D14,'Oct 25'!$C$8:$BC$51,52,0),0) -> 2 | AO14: =COUNTIFS(H14:AI14,"HO*",$H$6:$AI$6,"<5") -> 2 | AP14: =COUNTIFS(H14:AI14,"HO*",$H$6:$AI$6,"5") -> 1 | AQ14: =COUNTIFS(H14:AI14,"HO*",$H$6:$AI$6,"6")-COUNTIFS(H14:AI14,"HO6",$H$6:$AI$6,"6") -> 0 | AR14: =COUNTIFS(H14:AI14,"HO*",$H$6:$AI$6,"7")-COUNTIFS(H14:AI14,"HO6",$H$6:$AI$6,"7") -> 0 | AS14: =COUNTIF(H14:AI14,"HO6") -> 0 | AT14: =COUNTIF(H14:AI14,"S") -> 1 | AU14: =SUM(AO14:AR14)+AS14*0.5 -> 3 | AV14: =AO14*1+AP14*1.5+AQ14*2.5+AR14*2+AS14*0.5 -> 3.5 | AW14: =COUNTIFS(H14:AI14,"",$H$6:$AI$6,">5")+COUNTIFS(H14:AI14,"X",$H$6:$AI$6,">5") -> 7 | AX14: =COUNTIF(H14:AI14,"WR*") -> 1 | AY14: =AV14/AU14 -> 1.1666667 | AZ14: =AU14+AK14 -> 13 | BA14: =AV14+AL14 -> 18 | BB14: =AW14+AM14 -> 20 | BC14: =AX14+AN14 -> 3 | BD14: =BA14/AZ14 -> 1.3846154
B15: =B14+1 -> 11 | C15: =C14+1 -> 8 | D15: Saw Lip Wei | E15: 56 | F15: =IFERROR(IF(VLOOKUP($D15,'Oct 25'!$C$8:$AH$51,31,0)=0,"",VLOOKUP($D15,'Oct 25'!$C$8:$AH$51,31,0)),"") | G15: =IFERROR(IF(VLOOKUP($D15,'Oct 25'!$C$8:$AH$51,32,0)=0,"",VLOOKUP($D15,'Oct 25'!$C$8:$AH$51,32,0)),"") | H15: HO2 | J15: AL | K15: AL | L15: AB | M15: AB | N15: AL | O15: AL | P15: AL | R15: HO2 | V15: HO2 | Z15: WR1 | AB15: HO1 | AG15: HO2 | AK15: =IFERROR(VLOOKUP($D15,'Oct 25'!$C$8:$BC$51,49,0),0) -> 8.5 | AL15: =IFERROR(VLOOKUP($D15,'Oct 25'!$C$8:$BC$51,50,0),0) -> 13 | AM15: =IFERROR(VLOOKUP($D15,'Oct 25'!$C$8:$BC$51,51,0),0) -> 12 | AN15: =IFERROR(VLOOKUP($D15,'Oct 25'!$C$8:$BC$51,52,0),0) -> 2 | AO15: =COUNTIFS(H15:AI15,"HO*",$H$6:$AI$6,"<5") -> 3 | AP15: =COUNTIFS(H15:AI15,"HO*",$H$6:$AI$6,"5") -> 1 | AQ15: =COUNTIFS(H15:AI15,"HO*",$H$6:$AI$6,"6")-COUNTIFS(H15:AI15,"HO6",$H$6:$AI$6,"6") -> 1 | AR15: =COUNTIFS(H15:AI15,"HO*",$H$6:$AI$6,"7")-COUNTIFS(H15:AI15,"HO6",$H$6:$AI$6,"7") -> 0 | AS15: =COUNTIF(H15:AI15,"HO6") -> 0 | AT15: =COUNTIF(H15:AI15,"S") -> 0 | AU15: =SUM(AO15:AR15)+AS15*0.5 -> 5 | AV15: =AO15*1+AP15*1.5+AQ15*2.5+AR15*2+AS15*0.5 -> 7 | AW15: =COUNTIFS(H15:AI15,"",$H$6:$AI$6,">5")+COUNTIFS(H15:AI15,"X",$H$6:$AI$6,">5") -> 4 | AX15: =COUNTIF(H15:AI15,"WR*") -> 1 | AY15: =AV15/AU15 -> 1.4 | AZ15: =AU15+AK15 -> 13.5 | BA15: =AV15+AL15 -> 20 | BB15: =AW15+AM15 -> 16 | BC15: =AX15+AN15 -> 3 | BD15: =BA15/AZ15 -> 1.4814815
B16: =B15+1 -> 12 | C16: =C15+1 -> 9 | D16: Aarthi Santhanakrishnan | E16: 56 | F16: =IFERROR(IF(VLOOKUP($D16,'Oct 25'!$C$8:$AH$51,31,0)=0,"",VLOOKUP($D16,'Oct 25'!$C$8:$AH$51,31,0)),"") | G16: =IFERROR(IF(VLOOKUP($D16,'Oct 25'!$C$8:$AH$51,32,0)=0,"",VLOOKUP($D16,'Oct 25'!$C$8:$AH$51,32,0)),"") | I16: HO2 | K16: BCLS | N16: HO2 | R16: AL | U16: AL | V16: S | Y16: HO2 | AG16: HO5 | AK16: =IFERROR(VLOOKUP($D16,'Oct 25'!$C$8:$BC$51,49,0),0) -> 8 | AL16: =IFERROR(VLOOKUP($D16,'Oct 25'!$C$8:$BC$51,50,0),0) -> 12.5 | AM16: =IFERROR(VLOOKUP($D16,'Oct 25'!$C$8:$BC$51,51,0),0) -> 13 | AN16: =IFERROR(VLOOKUP($D16,'Oct 25'!$C$8:$BC$51,52,0),0) -> 2 | AO16: =COUNTIFS(H16:AI16,"HO*",$H$6:$AI$6,"<5") -> 2 | AP16: =COUNTIFS(H16:AI16,"HO*",$H$6:$AI$6,"5") -> 1 | AQ16: =COUNTIFS(H16:AI16,"HO*",$H$6:$AI$6,"6")-COUNTIFS(H16:AI16,"HO6",$H$6:$AI$6,"6") -> 1 | AR16: =COUNTIFS(H16:AI16,"HO*",$H$6:$AI$6,"7")-COUNTIFS(H16:AI16,"HO6",$H$6:$AI$6,"7") -> 0 | AS16: =COUNTIF(H16:AI16,"HO6") -> 0 | AT16: =COUNTIF(H16:AI16,"S") -> 1 | AU16: =SUM(AO16:AR16)+AS16*0.5 -> 4 | AV16: =AO16*1+AP16*1.5+AQ16*2.5+AR16*2+AS16*0.5 -> 6 | AW16: =COUNTIFS(H16:AI16,"",$H$6:$AI$6,">5")+COUNTIFS(H16:AI16,"X",$H$6:$AI$6,">5") -> 7 | AX16: =COUNTIF(H16:AI16,"WR*") -> 0 | AY16: =AV16/AU16 -> 1.5 | AZ16: =AU16+AK16 -> 12 | BA16: =AV16+AL16 -> 18.5 | BB16: =AW16+AM16 -> 20 | BC16: =AX16+AN16 -> 2 | BD16: =BA16/AZ16 -> 1.5416667
B17: =B16+1 -> 13 | C17: =C16+1 -> 10 | D17: Ewen Lee | E17: 56 | F17: =IFERROR(IF(VLOOKUP($D17,'Oct 25'!$C$8:$AH$51,31,0)=0,"",VLOOKUP($D17,'Oct 25'!$C$8:$AH$51,31,0)),"") | G17: =IFERROR(IF(VLOOKUP($D17,'Oct 25'!$C$8:$AH$51,32,0)=0,"",VLOOKUP($D17,'Oct 25'!$C$8:$AH$51,32,0)),"") | I17: HO5 | L17: HO6 | P17: S | S17: HO2 | Z17: WR2 | AB17: HO5 | AD17: AL | AE17: AL | AF17: AL | AG17: AB | AH17: AB | AI17: AL | AK17: =IFERROR(VLOOKUP($D17,'Oct 25'!$C$8:$BC$51,49,0),0) -> 10 | AL17: =IFERROR(VLOOKUP($D17,'Oct 25'!$C$8:$BC$51,50,0),0) -> 14 | AM17: =IFERROR(VLOOKUP($D17,'Oct 25'!$C$8:$BC$51,51,0),0) -> 13 | AN17: =IFERROR(VLOOKUP($D17,'Oct 25'!$C$8:$BC$51,52,0),0) -> 1 | AO17: =COUNTIFS(H17:AI17,"HO*",$H$6:$AI$6,"<5") -> 2 | AP17: =COUNTIFS(H17:AI17,"HO*",$H$6:$AI$6,"5") -> 0 | AQ17: =COUNTIFS(H17:AI17,"HO*",$H$6:$AI$6,"6")-COUNTIFS(H17:AI17,"HO6",$H$6:$AI$6,"6") -> 1 | AR17: =COUNTIFS(H17:AI17,"HO*",$H$6:$AI$6,"7")-COUNTIFS(H17:AI17,"HO6",$H$6:$AI$6,"7") -> 0 | AS17: =COUNTIF(H17:AI17,"HO6") -> 1 | AT17: =COUNTIF(H17:AI17,"S") -> 1 | AU17: =SUM(AO17:AR17)+AS17*0.5 -> 3.5 | AV17: =AO17*1+AP17*1.5+AQ17*2.5+AR17*2+AS17*0.5 -> 5 | AW17: =COUNTIFS(H17:AI17,"",$H$6:$AI$6,">5")+COUNTIFS(H17:AI17,"X",$H$6:$AI$6,">5") -> 3 | AX17: =COUNTIF(H17:AI17,"WR*") -> 1 | AY17: =AV17/AU17 -> 1.4285714 | AZ17: =AU17+AK17 -> 13.5 | BA17: =AV17+AL17 -> 19 | BB17: =AW17+AM17 -> 16 | BC17: =AX17+AN17 -> 2 | BD17: =BA17/AZ17 -> 1.4074074
B18: =B17+1 -> 14 | C18: =C17+1 -> 11 | D18: Gerald Ng | E18: 85 | F18: =IFERROR(IF(VLOOKUP($D18,'Oct 25'!$C$8:$AH$51,31,0)=0,"",VLOOKUP($D18,'Oct 25'!$C$8:$AH$51,31,0)),"") | G18: =IFERROR(IF(VLOOKUP($D18,'Oct 25'!$C$8:$AH$51,32,0)=0,"",VLOOKUP($D18,'Oct 25'!$C$8:$AH$51,32,0)),"") | I18: S | L18: HO2 | T18: HO2 | Y18: PM | AE18: HO2 | AH18: WR1 | AI18: HO2 | AK18: =IFERROR(VLOOKUP($D18,'Oct 25'!$C$8:$BC$51,49,0),0) -> 0 | AL18: =IFERROR(VLOOKUP($D18,'Oct 25'!$C$8:$BC$51,50,0),0) -> 0 | AM18: =IFERROR(VLOOKUP($D18,'Oct 25'!$C$8:$BC$51,51,0),0) -> 9 | AN18: =IFERROR(VLOOKUP($D18,'Oct 25'!$C$8:$BC$51,52,0),0) -> 0 | AO18: =COUNTIFS(H18:AI18,"HO*",$H$6:$AI$6,"<5") -> 2 | AP18: =COUNTIFS(H18:AI18,"HO*",$H$6:$AI$6,"5") -> 0 | AQ18: =COUNTIFS(H18:AI18,"HO*",$H$6:$AI$6,"6")-COUNTIFS(H18:AI18,"HO6",$H$6:$AI$6,"6") -> 1 | AR18: =COUNTIFS(H18:AI18,"HO*",$H$6:$AI$6,"7")-COUNTIFS(H18:AI18,"HO6",$H$6:$AI$6,"7") -> 1 | AS18: =COUNTIF(H18:AI18,"HO6") -> 0 | AT18: =COUNTIF(H18:AI18,"S") -> 1 | AU18: =SUM(AO18:AR18)+AS18*0.5 -> 4 | AV18: =AO18*1+AP18*1.5+AQ18*2.5+AR18*2+AS18*0.5 -> 6.5 | AW18: =COUNTIFS(H18:AI18,"",$H$6:$AI$6,">5")+COUNTIFS(H18:AI18,"X",$H$6:$AI$6,">5") -> 5 | AX18: =COUNTIF(H18:AI18,"WR*") -> 1 | AY18: =AV18/AU18 -> 1.625 | AZ18: =AU18+AK18 -> 4 | BA18: =AV18+AL18 -> 6.5 | BB18: =AW18+AM18 -> 14 | BC18: =AX18+AN18 -> 1 | BD18: =BA18/AZ18 -> 1.625
B19: =B18+1 -> 15 | C19: =C18+1 -> 12 | D19: Isaac Lee | E19: 85 | F19: =IFERROR(IF(VLOOKUP($D19,'Oct 25'!$C$8:$AH$51,31,0)=0,"",VLOOKUP($D19,'Oct 25'!$C$8:$AH$51,31,0)),"") | G19: =IFERROR(IF(VLOOKUP($D19,'Oct 25'!$C$8:$AH$51,32,0)=0,"",VLOOKUP($D19,'Oct 25'!$C$8:$AH$51,32,0)),"") | J19: HO2 | N19: HO3 | Q19: S | T19: HO1 | Z19: WR3 | AH19: WR2 | AK19: =IFERROR(VLOOKUP($D19,'Oct 25'!$C$8:$BC$51,49,0),0) -> 10 | AL19: =IFERROR(VLOOKUP($D19,'Oct 25'!$C$8:$BC$51,50,0),0) -> 15 | AM19: =IFERROR(VLOOKUP($D19,'Oct 25'!$C$8:$BC$51,51,0),0) -> 13 | AN19: =IFERROR(VLOOKUP($D19,'Oct 25'!$C$8:$BC$51,52,0),0) -> 1 | AO19: =COUNTIFS(H19:AI19,"HO*",$H$6:$AI$6,"<5") -> 2 | AP19: =COUNTIFS(H19:AI19,"HO*",$H$6:$AI$6,"5") -> 0 | AQ19: =COUNTIFS(H19:AI19,"HO*",$H$6:$AI$6,"6")-COUNTIFS(H19:AI19,"HO6",$H$6:$AI$6,"6") -> 0 | AR19: =COUNTIFS(H19:AI19,"HO*",$H$6:$AI$6,"7")-COUNTIFS(H19:AI19,"HO6",$H$6:$AI$6,"7") -> 1 | AS19: =COUNTIF(H19:AI19,"HO6") -> 0 | AT19: =COUNTIF(H19:AI19,"S") -> 1 | AU19: =SUM(AO19:AR19)+AS19*0.5 -> 3 | AV19: =AO19*1+AP19*1.5+AQ19*2.5+AR19*2+AS19*0.5 -> 4 | AW19: =COUNTIFS(H19:AI19,"",$H$6:$AI$6,">5")+COUNTIFS(H19:AI19,"X",$H$6:$AI$6,">5") -> 5 | AX19: =COUNTIF(H19:AI19,"WR*") -> 2 | AY19: =AV19/AU19 -> 1.3333333 | AZ19: =AU19+AK19 -> 13 | BA19: =AV19+AL19 -> 19 | BB19: =AW19+AM19 -> 18 | BC19: =AX19+AN19 -> 3 | BD19: =BA19/AZ19 -> 1.4615385
B20: =B19+1 -> 16 | C20: =C19+1 -> 13 | D20: Nicholas Teo | E20: 85 | F20: =IFERROR(IF(VLOOKUP($D20,'Oct 25'!$C$8:$AH$51,31,0)=0,"",VLOOKUP($D20,'Oct 25'!$C$8:$AH$51,31,0)),"") | G20: =IFERROR(IF(VLOOKUP($D20,'Oct 25'!$C$8:$AH$51,32,0)=0,"",VLOOKUP($D20,'Oct 25'!$C$8:$AH$51,32,0)),"") | L20: S | R20: HO3 | W20: HO2 | Y20: AL | AB20: HO2 | AF20: HO2 | AI20: AL | AK20: =IFERROR(VLOOKUP($D20,'Oct 25'!$C$8:$BC$51,49,0),0) -> 9 | AL20: =IFERROR(VLOOKUP($D20,'Oct 25'!$C$8:$BC$51,50,0),0) -> 16 | AM20: =IFERROR(VLOOKUP($D20,'Oct 25'!$C$8:$BC$51,51,0),0) -> 14 | AN20: =IFERROR(VLOOKUP($D20,'Oct 25'!$C$8:$BC$51,52,0),0) -> 0 | AO20: =COUNTIFS(H20:AI20,"HO*",$H$6:$AI$6,"<5") -> 2 | AP20: =COUNTIFS(H20:AI20,"HO*",$H$6:$AI$6,"5") -> 2 | AQ20: =COUNTIFS(H20:AI20,"HO*",$H$6:$AI$6,"6")-COUNTIFS(H20:AI20,"HO6",$H$6:$AI$6,"6") -> 0 | AR20: =COUNTIFS(H20:AI20,"HO*",$H$6:$AI$6,"7")-COUNTIFS(H20:AI20,"HO6",$H$6:$AI$6,"7") -> 0 | AS20: =COUNTIF(H20:AI20,"HO6") -> 0 | AT20: =COUNTIF(H20:AI20,"S") -> 1 | AU20: =SUM(AO20:AR20)+AS20*0.5 -> 4 | AV20: =AO20*1+AP20*1.5+AQ20*2.5+AR20*2+AS20*0.5 -> 5 | AW20: =COUNTIFS(H20:AI20,"",$H$6:$AI$6,">5")+COUNTIFS(H20:AI20,"X",$H$6:$AI$6,">5") -> 7 | AX20: =COUNTIF(H20:AI20,"WR*") -> 0 | AY20: =AV20/AU20 -> 1.25 | AZ20: =AU20+AK20 -> 13 | BA20: =AV20+AL20 -> 21 | BB20: =AW20+AM20 -> 21 | BC20: =AX20+AN20 -> 0 | BD20: =BA20/AZ20 -> 1.6153846
B21: =B20+1 -> 17 | C21: =C20+1 -> 14 | D21: Natalie Chew | E21: 66 | F21: =IFERROR(IF(VLOOKUP($D21,'Oct 25'!$C$8:$AH$51,31,0)=0,"",VLOOKUP($D21,'Oct 25'!$C$8:$AH$51,31,0)),"") -> HO2 | G21: =IFERROR(IF(VLOOKUP($D21,'Oct 25'!$C$8:$AH$51,32,0)=0,"",VLOOKUP($D21,'Oct 25'!$C$8:$AH$51,32,0)),"") | I21: HO3 | N21: AL | P21: HO2 | T21: HO5 | AA21: WR1 | AG21: WR2 | AK21: =IFERROR(VLOOKUP($D21,'Oct 25'!$C$8:$BC$51,49,0),0) -> 10 | AL21: =IFERROR(VLOOKUP($D21,'Oct 25'!$C$8:$BC$51,50,0),0) -> 15.5 | AM21: =IFERROR(VLOOKUP($D21,'Oct 25'!$C$8:$BC$51,51,0),0) -> 11 | AN21: =IFERROR(VLOOKUP($D21,'Oct 25'!$C$8:$BC$51,52,0),0) -> 2 | AO21: =COUNTIFS(H21:AI21,"HO*",$H$6:$AI$6,"<5") -> 2 | AP21: =COUNTIFS(H21:AI21,"HO*",$H$6:$AI$6,"5") -> 0 | AQ21: =COUNTIFS(H21:AI21,"HO*",$H$6:$AI$6,"6")-COUNTIFS(H21:AI21,"HO6",$H$6:$AI$6,"6") -> 0 | AR21: =COUNTIFS(H21:AI21,"HO*",$H$6:$AI$6,"7")-COUNTIFS(H21:AI21,"HO6",$H$6:$AI$6,"7") -> 1 | AS21: =COUNTIF(H21:AI21,"HO6") -> 0 | AT21: =COUNTIF(H21:AI21,"S") -> 0 | AU21: =SUM(AO21:AR21)+AS21*0.5 -> 3 | AV21: =AO21*1+AP21*1.5+AQ21*2.5+AR21*2+AS21*0.5 -> 4 | AW21: =COUNTIFS(H21:AI21,"",$H$6:$AI$6,">5")+COUNTIFS(H21:AI21,"X",$H$6:$AI$6,">5") -> 5 | AX21: =COUNTIF(H21:AI21,"WR*") -> 2 | AY21: =AV21/AU21 -> 1.3333333 | AZ21: =AU21+AK21 -> 13 | BA21: =AV21+AL21 -> 19.5 | BB21: =AW21+AM21 -> 16 | BC21: =AX21+AN21 -> 4 | BD21: =BA21/AZ21 -> 1.5
B22: =B21+1 -> 18 | C22: =C21+1 -> 15 | D22: Joel Mahadevan Malcolm | E22: 66 | F22: =IFERROR(IF(VLOOKUP($D22,'Oct 25'!$C$8:$AH$51,31,0)=0,"",VLOOKUP($D22,'Oct 25'!$C$8:$AH$51,31,0)),"") | G22: =IFERROR(IF(VLOOKUP($D22,'Oct 25'!$C$8:$AH$51,32,0)=0,"",VLOOKUP($D22,'Oct 25'!$C$8:$AH$51,32,0)),"") | R22: HO4 | W22: HO3 | Z22: S | AD22: HO3 | AG22: HO3 | AK22: =IFERROR(VLOOKUP($D22,'Oct 25'!$C$8:$BC$51,49,0),0) -> 9 | AL22: =IFERROR(VLOOKUP($D22,'Oct 25'!$C$8:$BC$51,50,0),0) -> 14 | AM22: =IFERROR(VLOOKUP($D22,'Oct 25'!$C$8:$BC$51,51,0),0) -> 12 | AN22: =IFERROR(VLOOKUP($D22,'Oct 25'!$C$8:$BC$51,52,0),0) -> 2 | AO22: =COUNTIFS(H22:AI22,"HO*",$H$6:$AI$6,"<5") -> 2 | AP22: =COUNTIFS(H22:AI22,"HO*",$H$6:$AI$6,"5") -> 1 | AQ22: =COUNTIFS(H22:AI22,"HO*",$H$6:$AI$6,"6")-COUNTIFS(H22:AI22,"HO6",$H$6:$AI$6,"6") -> 1 | AR22: =COUNTIFS(H22:AI22,"HO*",$H$6:$AI$6,"7")-COUNTIFS(H22:AI22,"HO6",$H$6:$AI$6,"7") -> 0 | AS22: =COUNTIF(H22:AI22,"HO6") -> 0 | AT22: =COUNTIF(H22:AI22,"S") -> 1 | AU22: =SUM(AO22:AR22)+AS22*0.5 -> 4 | AV22: =AO22*1+AP22*1.5+AQ22*2.5+AR22*2+AS22*0.5 -> 6 | AW22: =COUNTIFS(H22:AI22,"",$H$6:$AI$6,">5")+COUNTIFS(H22:AI22,"X",$H$6:$AI$6,">5") -> 6 | AX22: =COUNTIF(H22:AI22,"WR*") -> 0 | AY22: =AV22/AU22 -> 1.5 | AZ22: =AU22+AK22 -> 13 | BA22: =AV22+AL22 -> 20 | BB22: =AW22+AM22 -> 18 | BC22: =AX22+AN22 -> 2 | BD22: =BA22/AZ22 -> 1.5384615
B23: =B22+1 -> 19 | C23: =C22+1 -> 16 | D23: Zachary Loh | E23: 66 | F23: =IFERROR(IF(VLOOKUP($D23,'Oct 25'!$C$8:$AH$51,31,0)=0,"",VLOOKUP($D23,'Oct 25'!$C$8:$AH$51,31,0)),"") | G23: =IFERROR(IF(VLOOKUP($D23,'Oct 25'!$C$8:$AH$51,32,0)=0,"",VLOOKUP($D23,'Oct 25'!$C$8:$AH$51,32,0)),"") -> HO5 | J23: HO3 | K23: AL | O23: HO4 | T23: HO3 | Z23: HO6 | AF23: HO3 | AI23: S | AK23: =IFERROR(VLOOKUP($D23,'Oct 25'!$C$8:$BC$51,49,0),0) -> 7 | AL23: =IFERROR(VLOOKUP($D23,'Oct 25'!$C$8:$BC$51,50,0),0) -> 10 | AM23: =IFERROR(VLOOKUP($D23,'Oct 25'!$C$8:$BC$51,51,0),0) -> 6 | AN23: =IFERROR(VLOOKUP($D23,'Oct 25'!$C$8:$BC$51,52,0),0) -> 1 | AO23: =COUNTIFS(H23:AI23,"HO*",$H$6:$AI$6,"<5") -> 2 | AP23: =COUNTIFS(H23:AI23,"HO*",$H$6:$AI$6,"5") -> 1 | AQ23: =COUNTIFS(H23:AI23,"HO*",$H$6:$AI$6,"6")-COUNTIFS(H23:AI23,"HO6",$H$6:$AI$6,"6") -> 0 | AR23: =COUNTIFS(H23:AI23,"HO*",$H$6:$AI$6,"7")-COUNTIFS(H23:AI23,"HO6",$H$6:$AI$6,"7") -> 1 | AS23: =COUNTIF(H23:AI23,"HO6") -> 1 | AT23: =COUNTIF(H23:AI23,"S") -> 1 | AU23: =SUM(AO23:AR23)+AS23*0.5 -> 4.5 | AV23: =AO23*1+AP23*1.5+AQ23*2.5+AR23*2+AS23*0.5 -> 6 | AW23: =COUNTIFS(H23:AI23,"",$H$6:$AI$6,">5")+COUNTIFS(H23:AI23,"X",$H$6:$AI$6,">5") -> 6 | AX23: =COUNTIF(H23:AI23,"WR*") -> 0 | AY23: =AV23/AU23 -> 1.3333333 | AZ23: =AU23+AK23 -> 11.5 | BA23: =AV23+AL23 -> 16 | BB23: =AW23+AM23 -> 12 | BC23: =AX23+AN23 -> 1 | BD23: =BA23/AZ23 -> 1.3913043
B24: =B23+1 -> 20 | C24: =C23+1 -> 17 | D24: Nicholas Han | E24: 66 | F24: =IFERROR(IF(VLOOKUP($D24,'Oct 25'!$C$8:$AH$51,31,0)=0,"",VLOOKUP($D24,'Oct 25'!$C$8:$AH$51,31,0)),"") | G24: =IFERROR(IF(VLOOKUP($D24,'Oct 25'!$C$8:$AH$51,32,0)=0,"",VLOOKUP($D24,'Oct 25'!$C$8:$AH$51,32,0)),"") | K24: PM | L24: HO3 | P24: HO3 | U24: HO3 | AA24: HO3 | AD24: S | AG24: HO6 | AK24: =IFERROR(VLOOKUP($D24,'Oct 25'!$C$8:$BC$51,49,0),0) -> 0 | AL24: =IFERROR(VLOOKUP($D24,'Oct 25'!$C$8:$BC$51,50,0),0) -> 0 | AM24: =IFERROR(VLOOKUP($D24,'Oct 25'!$C$8:$BC$51,51,0),0) -> 9 | AN24: =IFERROR(VLOOKUP($D24,'Oct 25'!$C$8:$BC$51,52,0),0) -> 0 | AO24: =COUNTIFS(H24:AI24,"HO*",$H$6:$AI$6,"<5") -> 2 | AP24: =COUNTIFS(H24:AI24,"HO*",$H$6:$AI$6,"5") -> 0 | AQ24: =COUNTIFS(H24:AI24,"HO*",$H$6:$AI$6,"6")-COUNTIFS(H24:AI24,"HO6",$H$6:$AI$6,"6") -> 1 | AR24: =COUNTIFS(H24:AI24,"HO*",$H$6:$AI$6,"7")-COUNTIFS(H24:AI24,"HO6",$H$6:$AI$6,"7") -> 1 | AS24: =COUNTIF(H24:AI24,"HO6") -> 1 | AT24: =COUNTIF(H24:AI24,"S") -> 1 | AU24: =SUM(AO24:AR24)+AS24*0.5 -> 4.5 | AV24: =AO24*1+AP24*1.5+AQ24*2.5+AR24*2+AS24*0.5 -> 7 | AW24: =COUNTIFS(H24:AI24,"",$H$6:$AI$6,">5")+COUNTIFS(H24:AI24,"X",$H$6:$AI$6,">5") -> 5 | AX24: =COUNTIF(H24:AI24,"WR*") -> 0 | AY24: =AV24/AU24 -> 1.5555556 | AZ24: =AU24+AK24 -> 4.5 | BA24: =AV24+AL24 -> 7 | BB24: =AW24+AM24 -> 14 | BC24: =AX24+AN24 -> 0 | BD24: =BA24/AZ24 -> 1.5555556
B25: =B24+1 -> 21 | C25: =C24+1 -> 18 | D25: Choo Jing Xian | E25: 86 | F25: =IFERROR(IF(VLOOKUP($D25,'Oct 25'!$C$8:$AH$51,31,0)=0,"",VLOOKUP($D25,'Oct 25'!$C$8:$AH$51,31,0)),"") | G25: =IFERROR(IF(VLOOKUP($D25,'Oct 25'!$C$8:$AH$51,32,0)=0,"",VLOOKUP($D25,'Oct 25'!$C$8:$AH$51,32,0)),"") -> HO2 | K25: HO3 | O25: HO5 | S25: HO1 | AA25: WR2 | AB25: S | AE25: HO5 | AK25: =IFERROR(VLOOKUP($D25,'Oct 25'!$C$8:$BC$51,49,0),0) -> 9.5 | AL25: =IFERROR(VLOOKUP($D25,'Oct 25'!$C$8:$BC$51,50,0),0) -> 12.5 | AM25: =IFERROR(VLOOKUP($D25,'Oct 25'!$C$8:$BC$51,51,0),0) -> 14 | AN25: =IFERROR(VLOOKUP($D25,'Oct 25'!$C$8:$BC$51,52,0),0) -> 0 | AO25: =COUNTIFS(H25:AI25,"HO*",$H$6:$AI$6,"<5") -> 2 | AP25: =COUNTIFS(H25:AI25,"HO*",$H$6:$AI$6,"5") -> 1 | AQ25: =COUNTIFS(H25:AI25,"HO*",$H$6:$AI$6,"6")-COUNTIFS(H25:AI25,"HO6",$H$6:$AI$6,"6") -> 1 | AR25: =COUNTIFS(H25:AI25,"HO*",$H$6:$AI$6,"7")-COUNTIFS(H25:AI25,"HO6",$H$6:$AI$6,"7") -> 0 | AS25: =COUNTIF(H25:AI25,"HO6") -> 0 | AT25: =COUNTIF(H25:AI25,"S") -> 1 | AU25: =SUM(AO25:AR25)+AS25*0.5 -> 4 | AV25: =AO25*1+AP25*1.5+AQ25*2.5+AR25*2+AS25*0.5 -> 6 | AW25: =COUNTIFS(H25:AI25,"",$H$6:$AI$6,">5")+COUNTIFS(H25:AI25,"X",$H$6:$AI$6,">5") -> 6 | AX25: =COUNTIF(H25:AI25,"WR*") -> 1 | AY25: =AV25/AU25 -> 1.5 | AZ25: =AU25+AK25 -> 13.5 | BA25: =AV25+AL25 -> 18.5 | BB25: =AW25+AM25 -> 20 | BC25: =AX25+AN25 -> 1 | BD25: =BA25/AZ25 -> 1.3703704
B26: =B25+1 -> 22 | C26: =C25+1 -> 19 | D26: Grace Cheng | E26: 86 | F26: =IFERROR(IF(VLOOKUP($D26,'Oct 25'!$C$8:$AH$51,31,0)=0,"",VLOOKUP($D26,'Oct 25'!$C$8:$AH$51,31,0)),"") -> WR1 | G26: =IFERROR(IF(VLOOKUP($D26,'Oct 25'!$C$8:$AH$51,32,0)=0,"",VLOOKUP($D26,'Oct 25'!$C$8:$AH$51,32,0)),"") | J26: HO5 | S26: HO3 | W26: HO5 | AA26: WR3 | AC26: S | AH26: HO3 | AK26: =IFERROR(VLOOKUP($D26,'Oct 25'!$C$8:$BC$51,49,0),0) -> 0 | AL26: =IFERROR(VLOOKUP($D26,'Oct 25'!$C$8:$BC$51,50,0),0) -> 0 | AM26: =IFERROR(VLOOKUP($D26,'Oct 25'!$C$8:$BC$51,51,0),0) -> 7 | AN26: =IFERROR(VLOOKUP($D26,'Oct 25'!$C$8:$BC$51,52,0),0) -> 2 | AO26: =COUNTIFS(H26:AI26,"HO*",$H$6:$AI$6,"<5") -> 2 | AP26: =COUNTIFS(H26:AI26,"HO*",$H$6:$AI$6,"5") -> 0 | AQ26: =COUNTIFS(H26:AI26,"HO*",$H$6:$AI$6,"6")-COUNTIFS(H26:AI26,"HO6",$H$6:$AI$6,"6") -> 1 | AR26: =COUNTIFS(H26:AI26,"HO*",$H$6:$AI$6,"7")-COUNTIFS(H26:AI26,"HO6",$H$6:$AI$6,"7") -> 1 | AS26: =COUNTIF(H26:AI26,"HO6") -> 0 | AT26: =COUNTIF(H26:AI26,"S") -> 1 | AU26: =SUM(AO26:AR26)+AS26*0.5 -> 4 | AV26: =AO26*1+AP26*1.5+AQ26*2.5+AR26*2+AS26*0.5 -> 6.5 | AW26: =COUNTIFS(H26:AI26,"",$H$6:$AI$6,">5")+COUNTIFS(H26:AI26,"X",$H$6:$AI$6,">5") -> 5 | AX26: =COUNTIF(H26:AI26,"WR*") -> 1 | AY26: =AV26/AU26 -> 1.625 | AZ26: =AU26+AK26 -> 4 | BA26: =AV26+AL26 -> 6.5 | BB26: =AW26+AM26 -> 12 | BC26: =AX26+AN26 -> 3 | BD26: =BA26/AZ26 -> 1.625
B27: =B26+1 -> 23 | C27: =C26+1 -> 20 | D27: Lee Yixuan | E27: 86 | F27: =IFERROR(IF(VLOOKUP($D27,'Oct 25'!$C$8:$AH$51,31,0)=0,"",VLOOKUP($D27,'Oct 25'!$C$8:$AH$51,31,0)),"") | G27: =IFERROR(IF(VLOOKUP($D27,'Oct 25'!$C$8:$AH$51,32,0)=0,"",VLOOKUP($D27,'Oct 25'!$C$8:$AH$51,32,0)),"") | H27: HO3 | L27: WR1 | M27: S | S27: HO5 | X27: HO5 | AB27: AL | AC27: AL | AD27: AL | AE27: AL | AF27: AL | AG27: AB | AH27: AB | AI27: HO5 | AK27: =IFERROR(VLOOKUP($D27,'Oct 25'!$C$8:$BC$51,49,0),0) -> 0 | AL27: =IFERROR(VLOOKUP($D27,'Oct 25'!$C$8:$BC$51,50,0),0) -> 0 | AM27: =IFERROR(VLOOKUP($D27,'Oct 25'!$C$8:$BC$51,51,0),0) -> 8 | AN27: =IFERROR(VLOOKUP($D27,'Oct 25'!$C$8:$BC$51,52,0),0) -> 1 | AO27: =COUNTIFS(H27:AI27,"HO*",$H$6:$AI$6,"<5") -> 3 | AP27: =COUNTIFS(H27:AI27,"HO*",$H$6:$AI$6,"5") -> 0 | AQ27: =COUNTIFS(H27:AI27,"HO*",$H$6:$AI$6,"6")-COUNTIFS(H27:AI27,"HO6",$H$6:$AI$6,"6") -> 1 | AR27: =COUNTIFS(H27:AI27,"HO*",$H$6:$AI$6,"7")-COUNTIFS(H27:AI27,"HO6",$H$6:$AI$6,"7") -> 0 | AS27: =COUNTIF(H27:AI27,"HO6") -> 0 | AT27: =COUNTIF(H27:AI27,"S") -> 1 | AU27: =SUM(AO27:AR27)+AS27*0.5 -> 4 | AV27: =AO27*1+AP27*1.5+AQ27*2.5+AR27*2+AS27*0.5 -> 5.5 | AW27: =COUNTIFS(H27:AI27,"",$H$6:$AI$6,">5")+COUNTIFS(H27:AI27,"X",$H$6:$AI$6,">5") -> 3 | AX27: =COUNTIF(H27:AI27,"WR*") -> 1 | AY27: =AV27/AU27 -> 1.375 | AZ27: =AU27+AK27 -> 4 | BA27: =AV27+AL27 -> 5.5 | BB27: =AW27+AM27 -> 11 | BC27: =AX27+AN27 -> 2 | BD27: =BA27/AZ27 -> 1.375
B28: =B27+1 -> 24 | C28: =C27+1 -> 21 | D28: Lai Jun Ting | E28: 86 | F28: =IFERROR(IF(VLOOKUP($D28,'Oct 25'!$C$8:$AH$51,31,0)=0,"",VLOOKUP($D28,'Oct 25'!$C$8:$AH$51,31,0)),"") | G28: =IFERROR(IF(VLOOKUP($D28,'Oct 25'!$C$8:$AH$51,32,0)=0,"",VLOOKUP($D28,'Oct 25'!$C$8:$AH$51,32,0)),"") | L28: WR2 | M28: WR2 | N28: X | R28: S | U28: HO5 | AA28: HO2 | AD28: HO5 | AH28: HO5 | AK28: =IFERROR(VLOOKUP($D28,'Oct 25'!$C$8:$BC$51,49,0),0) -> 0 | AL28: =IFERROR(VLOOKUP($D28,'Oct 25'!$C$8:$BC$51,50,0),0) -> 0 | AM28: =IFERROR(VLOOKUP($D28,'Oct 25'!$C$8:$BC$51,51,0),0) -> 9 | AN28: =IFERROR(VLOOKUP($D28,'Oct 25'!$C$8:$BC$51,52,0),0) -> 0 | AO28: =COUNTIFS(H28:AI28,"HO*",$H$6:$AI$6,"<5") -> 2 | AP28: =COUNTIFS(H28:AI28,"HO*",$H$6:$AI$6,"5") -> 0 | AQ28: =COUNTIFS(H28:AI28,"HO*",$H$6:$AI$6,"6")-COUNTIFS(H28:AI28,"HO6",$H$6:$AI$6,"6") -> 0 | AR28: =COUNTIFS(H28:AI28,"HO*",$H$6:$AI$6,"7")-COUNTIFS(H28:AI28,"HO6",$H$6:$AI$6,"7") -> 2 | AS28: =COUNTIF(H28:AI28,"HO6") -> 0 | AT28: =COUNTIF(H28:AI28,"S") -> 1 | AU28: =SUM(AO28:AR28)+AS28*0.5 -> 4 | AV28: =AO28*1+AP28*1.5+AQ28*2.5+AR28*2+AS28*0.5 -> 6 | AW28: =COUNTIFS(H28:AI28,"",$H$6:$AI$6,">5")+COUNTIFS(H28:AI28,"X",$H$6:$AI$6,">5") -> 4 | AX28: =COUNTIF(H28:AI28,"WR*") -> 2 | AY28: =AV28/AU28 -> 1.5 | AZ28: =AU28+AK28 -> 4 | BA28: =AV28+AL28 -> 6 | BB28: =AW28+AM28 -> 13 | BC28: =AX28+AN28 -> 2 | BD28: =BA28/AZ28 -> 1.5
B29: =B28+1 -> 25 | C29: =C28+1 -> 22 | D29: Julian Koh | E29: 41 | F29: =IFERROR(IF(VLOOKUP($D29,'Oct 25'!$C$8:$AH$51,31,0)=0,"",VLOOKUP($D29,'Oct 25'!$C$8:$AH$51,31,0)),"") -> HO3 | G29: =IFERROR(IF(VLOOKUP($D29,'Oct 25'!$C$8:$AH$51,32,0)=0,"",VLOOKUP($D29,'Oct 25'!$C$8:$AH$51,32,0)),"") | K29: BCLS | M29: WR1 | O29: HO3 | T29: HO6 | Z29: HO3 | AE29: HO3 | AG29: AB | AH29: AB | AI29: AL | AK29: =IFERROR(VLOOKUP($D29,'Oct 25'!$C$8:$BC$51,49,0),0) -> 10 | AL29: =IFERROR(VLOOKUP($D29,'Oct 25'!$C$8:$BC$51,50,0),0) -> 13 | AM29: =IFERROR(VLOOKUP($D29,'Oct 25'!$C$8:$BC$51,51,0),0) -> 14 | AN29: =IFERROR(VLOOKUP($D29,'Oct 25'!$C$8:$BC$51,52,0),0) -> 3 | AO29: =COUNTIFS(H29:AI29,"HO*",$H$6:$AI$6,"<5") -> 2 | AP29: =COUNTIFS(H29:AI29,"HO*",$H$6:$AI$6,"5") -> 0 | AQ29: =COUNTIFS(H29:AI29,"HO*",$H$6:$AI$6,"6")-COUNTIFS(H29:AI29,"HO6",$H$6:$AI$6,"6") -> 1 | AR29: =COUNTIFS(H29:AI29,"HO*",$H$6:$AI$6,"7")-COUNTIFS(H29:AI29,"HO6",$H$6:$AI$6,"7") -> 0 | AS29: =COUNTIF(H29:AI29,"HO6") -> 1 | AT29: =COUNTIF(H29:AI29,"S") -> 0 | AU29: =SUM(AO29:AR29)+AS29*0.5 -> 3.5 | AV29: =AO29*1+AP29*1.5+AQ29*2.5+AR29*2+AS29*0.5 -> 5 | AW29: =COUNTIFS(H29:AI29,"",$H$6:$AI$6,">5")+COUNTIFS(H29:AI29,"X",$H$6:$AI$6,">5") -> 3 | AX29: =COUNTIF(H29:AI29,"WR*") -> 1 | AY29: =AV29/AU29 -> 1.4285714 | AZ29: =AU29+AK29 -> 13.5 | BA29: =AV29+AL29 -> 18 | BB29: =AW29+AM29 -> 17 | BC29: =AX29+AN29 -> 4 | BD29: =BA29/AZ29 -> 1.3333333
B30: =B29+1 -> 26 | C30: =C29+1 -> 23 | D30: Sabharwal Sachi | E30: 62 | F30: =IFERROR(IF(VLOOKUP($D30,'Oct 25'!$C$8:$AH$51,31,0)=0,"",VLOOKUP($D30,'Oct 25'!$C$8:$AH$51,31,0)),"") | G30: =IFERROR(IF(VLOOKUP($D30,'Oct 25'!$C$8:$AH$51,32,0)=0,"",VLOOKUP($D30,'Oct 25'!$C$8:$AH$51,32,0)),"") | J30: S | M30: WR3 | Q30: HO4 | T30: HO4 | X30: HO3 | Z30: AB | AA30: AB | AB30: AL | AC30: AL | AD30: AL | AE30: AL | AF30: AL | AK30: =IFERROR(VLOOKUP($D30,'Oct 25'!$C$8:$BC$51,49,0),0) -> 10 | AL30: =IFERROR(VLOOKUP($D30,'Oct 25'!$C$8:$BC$51,50,0),0) -> 14.5 | AM30: =IFERROR(VLOOKUP($D30,'Oct 25'!$C$8:$BC$51,51,0),0) -> 14 | AN30: =IFERROR(VLOOKUP($D30,'Oct 25'!$C$8:$BC$51,52,0),0) -> 1 | AO30: =COUNTIFS(H30:AI30,"HO*",$H$6:$AI$6,"<5") -> 2 | AP30: =COUNTIFS(H30:AI30,"HO*",$H$6:$AI$6,"5") -> 0 | AQ30: =COUNTIFS(H30:AI30,"HO*",$H$6:$AI$6,"6")-COUNTIFS(H30:AI30,"HO6",$H$6:$AI$6,"6") -> 0 | AR30: =COUNTIFS(H30:AI30,"HO*",$H$6:$AI$6,"7")-COUNTIFS(H30:AI30,"HO6",$H$6:$AI$6,"7") -> 1 | AS30: =COUNTIF(H30:AI30,"HO6") -> 0 | AT30: =COUNTIF(H30:AI30,"S") -> 1 | AU30: =SUM(AO30:AR30)+AS30*0.5 -> 3 | AV30: =AO30*1+AP30*1.5+AQ30*2.5+AR30*2+AS30*0.5 -> 4 | AW30: =COUNTIFS(H30:AI30,"",$H$6:$AI$6,">5")+COUNTIFS(H30:AI30,"X",$H$6:$AI$6,">5") -> 4 | AX30: =COUNTIF(H30:AI30,"WR*") -> 1 | AY30: =AV30/AU30 -> 1.3333333 | AZ30: =AU30+AK30 -> 13 | BA30: =AV30+AL30 -> 18.5 | BB30: =AW30+AM30 -> 18 | BC30: =AX30+AN30 -> 2 | BD30: =BA30/AZ30 -> 1.4230769
B31: =B30+1 -> 27 | C31: =C30+1 -> 24 | D31: Gayathri Basker | E31: 62 | F31: =IFERROR(IF(VLOOKUP($D31,'Oct 25'!$C$8:$AH$51,31,0)=0,"",VLOOKUP($D31,'Oct 25'!$C$8:$AH$51,31,0)),"") -> S | G31: =IFERROR(IF(VLOOKUP($D31,'Oct 25'!$C$8:$AH$51,32,0)=0,"",VLOOKUP($D31,'Oct 25'!$C$8:$AH$51,32,0)),"") | I31: HO1 | M31: HO5 | T31: WR2 | X31: HO2 | AA31: S | AH31: HO4 | AK31: =IFERROR(VLOOKUP($D31,'Oct 25'!$C$8:$BC$51,49,0),0) -> 9 | AL31: =IFERROR(VLOOKUP($D31,'Oct 25'!$C$8:$BC$51,50,0),0) -> 13 | AM31: =IFERROR(VLOOKUP($D31,'Oct 25'!$C$8:$BC$51,51,0),0) -> 14 | AN31: =IFERROR(VLOOKUP($D31,'Oct 25'!$C$8:$BC$51,52,0),0) -> 0 | AO31: =COUNTIFS(H31:AI31,"HO*",$H$6:$AI$6,"<5") -> 2 | AP31: =COUNTIFS(H31:AI31,"HO*",$H$6:$AI$6,"5") -> 0 | AQ31: =COUNTIFS(H31:AI31,"HO*",$H$6:$AI$6,"6")-COUNTIFS(H31:AI31,"HO6",$H$6:$AI$6,"6") -> 0 | AR31: =COUNTIFS(H31:AI31,"HO*",$H$6:$AI$6,"7")-COUNTIFS(H31:AI31,"HO6",$H$6:$AI$6,"7") -> 2 | AS31: =COUNTIF(H31:AI31,"HO6") -> 0 | AT31: =COUNTIF(H31:AI31,"S") -> 1 | AU31: =SUM(AO31:AR31)+AS31*0.5 -> 4 | AV31: =AO31*1+AP31*1.5+AQ31*2.5+AR31*2+AS31*0.5 -> 6 | AW31: =COUNTIFS(H31:AI31,"",$H$6:$AI$6,">5")+COUNTIFS(H31:AI31,"X",$H$6:$AI$6,">5") -> 4 | AX31: =COUNTIF(H31:AI31,"WR*") -> 1 | AY31: =AV31/AU31 -> 1.5 | AZ31: =AU31+AK31 -> 13 | BA31: =AV31+AL31 -> 19 | BB31: =AW31+AM31 -> 18 | BC31: =AX31+AN31 -> 1 | BD31: =BA31/AZ31 -> 1.4615385
B32: =B31+1 -> 28 | C32: =C31+1 -> 25 | D32: Teo Kaye Min | E32: 62 | F32: =IFERROR(IF(VLOOKUP($D32,'Oct 25'!$C$8:$AH$51,31,0)=0,"",VLOOKUP($D32,'Oct 25'!$C$8:$AH$51,31,0)),"") -> WR2 | G32: =IFERROR(IF(VLOOKUP($D32,'Oct 25'!$C$8:$AH$51,32,0)=0,"",VLOOKUP($D32,'Oct 25'!$C$8:$AH$51,32,0)),"") | N32: AL | S32: HO6 | V32: HO5 | Z32: HO4 | AE32: HO4 | AI32: HO4 | AK32: =IFERROR(VLOOKUP($D32,'Oct 25'!$C$8:$BC$51,49,0),0) -> 0 | AL32: =IFERROR(VLOOKUP($D32,'Oct 25'!$C$8:$BC$51,50,0),0) -> 0 | AM32: =IFERROR(VLOOKUP($D32,'Oct 25'!$C$8:$BC$51,51,0),0) -> 7 | AN32: =IFERROR(VLOOKUP($D32,'Oct 25'!$C$8:$BC$51,52,0),0) -> 2 | AO32: =COUNTIFS(H32:AI32,"HO*",$H$6:$AI$6,"<5") -> 3 | AP32: =COUNTIFS(H32:AI32,"HO*",$H$6:$AI$6,"5") -> 0 | AQ32: =COUNTIFS(H32:AI32,"HO*",$H$6:$AI$6,"6")-COUNTIFS(H32:AI32,"HO6",$H$6:$AI$6,"6") -> 1 | AR32: =COUNTIFS(H32:AI32,"HO*",$H$6:$AI$6,"7")-COUNTIFS(H32:AI32,"HO6",$H$6:$AI$6,"7") -> 0 | AS32: =COUNTIF(H32:AI32,"HO6") -> 1 | AT32: =COUNTIF(H32:AI32,"S") -> 0 | AU32: =SUM(AO32:AR32)+AS32*0.5 -> 4.5 | AV32: =AO32*1+AP32*1.5+AQ32*2.5+AR32*2+AS32*0.5 -> 6 | AW32: =COUNTIFS(H32:AI32,"",$H$6:$AI$6,">5")+COUNTIFS(H32:AI32,"X",$H$6:$AI$6,">5") -> 6 | AX32: =COUNTIF(H32:AI32,"WR*") -> 0 | AY32: =AV32/AU32 -> 1.3333333 | AZ32: =AU32+AK32 -> 4.5 | BA32: =AV32+AL32 -> 6 | BB32: =AW32+AM32 -> 13 | BC32: =AX32+AN32 -> 2 | BD32: =BA32/AZ32 -> 1.3333333
B33: =B32+1 -> 29 | C33: =C32+1 -> 26 | D33: Marcus Chua | E33: 62 | F33: =IFERROR(IF(VLOOKUP($D33,'Oct 25'!$C$8:$AH$51,31,0)=0,"",VLOOKUP($D33,'Oct 25'!$C$8:$AH$51,31,0)),"") | G33: =IFERROR(IF(VLOOKUP($D33,'Oct 25'!$C$8:$AH$51,32,0)=0,"",VLOOKUP($D33,'Oct 25'!$C$8:$AH$51,32,0)),"") | M33: HO2 | Q33: HO3 | S33: AB | T33: AB | U33: AL | V33: AL | W33: AL | X33: AL | Y33: AL | AB33: HO4 | AF33: BCLS | AG33: HO4 | AK33: =IFERROR(VLOOKUP($D33,'Oct 25'!$C$8:$BC$51,49,0),0) -> 9 | AL33: =IFERROR(VLOOKUP($D33,'Oct 25'!$C$8:$BC$51,50,0),0) -> 13.5 | AM33: =IFERROR(VLOOKUP($D33,'Oct 25'!$C$8:$BC$51,51,0),0) -> 13 | AN33: =IFERROR(VLOOKUP($D33,'Oct 25'!$C$8:$BC$51,52,0),0) -> 1 | AO33: =COUNTIFS(H33:AI33,"HO*",$H$6:$AI$6,"<5") -> 2 | AP33: =COUNTIFS(H33:AI33,"HO*",$H$6:$AI$6,"5") -> 0 | AQ33: =COUNTIFS(H33:AI33,"HO*",$H$6:$AI$6,"6")-COUNTIFS(H33:AI33,"HO6",$H$6:$AI$6,"6") -> 1 | AR33: =COUNTIFS(H33:AI33,"HO*",$H$6:$AI$6,"7")-COUNTIFS(H33:AI33,"HO6",$H$6:$AI$6,"7") -> 1 | AS33: =COUNTIF(H33:AI33,"HO6") -> 0 | AT33: =COUNTIF(H33:AI33,"S") -> 0 | AU33: =SUM(AO33:AR33)+AS33*0.5 -> 4 | AV33: =AO33*1+AP33*1.5+AQ33*2.5+AR33*2+AS33*0.5 -> 6.5 | AW33: =COUNTIFS(H33:AI33,"",$H$6:$AI$6,">5")+COUNTIFS(H33:AI33,"X",$H$6:$AI$6,">5") -> 4 | AX33: =COUNTIF(H33:AI33,"WR*") -> 0 | AY33: =AV33/AU33 -> 1.625 | AZ33: =AU33+AK33 -> 13 | BA33: =AV33+AL33 -> 20 | BB33: =AW33+AM33 -> 17 | BC33: =AX33+AN33 -> 1 | BD33: =BA33/AZ33 -> 1.5384615
B34: =B33+1 -> 30 | C34: =C33+1 -> 27 | D34: Ooi Ewe Ming | E34: 62 | F34: =IFERROR(IF(VLOOKUP($D34,'Oct 25'!$C$8:$AH$51,31,0)=0,"",VLOOKUP($D34,'Oct 25'!$C$8:$AH$51,31,0)),"") | G34: =IFERROR(IF(VLOOKUP($D34,'Oct 25'!$C$8:$AH$51,32,0)=0,"",VLOOKUP($D34,'Oct 25'!$C$8:$AH$51,32,0)),"") | L34: HO4 | S34: WR1 | U34: HO4 | AA34: HO4 | AI34: HO3 | AK34: =IFERROR(VLOOKUP($D34,'Oct 25'!$C$8:$BC$51,49,0),0) -> 0 | AL34: =IFERROR(VLOOKUP($D34,'Oct 25'!$C$8:$BC$51,50,0),0) -> 0 | AM34: =IFERROR(VLOOKUP($D34,'Oct 25'!$C$8:$BC$51,51,0),0) -> 9 | AN34: =IFERROR(VLOOKUP($D34,'Oct 25'!$C$8:$BC$51,52,0),0) -> 0 | AO34: =COUNTIFS(H34:AI34,"HO*",$H$6:$AI$6,"<5") -> 2 | AP34: =COUNTIFS(H34:AI34,"HO*",$H$6:$AI$6,"5") -> 0 | AQ34: =COUNTIFS(H34:AI34,"HO*",$H$6:$AI$6,"6")-COUNTIFS(H34:AI34,"HO6",$H$6:$AI$6,"6") -> 1 | AR34: =COUNTIFS(H34:AI34,"HO*",$H$6:$AI$6,"7")-COUNTIFS(H34:AI34,"HO6",$H$6:$AI$6,"7") -> 1 | AS34: =COUNTIF(H34:AI34,"HO6") -> 0 | AT34: =COUNTIF(H34:AI34,"S") -> 0 | AU34: =SUM(AO34:AR34)+AS34*0.5 -> 4 | AV34: =AO34*1+AP34*1.5+AQ34*2.5+AR34*2+AS34*0.5 -> 6.5 | AW34: =COUNTIFS(H34:AI34,"",$H$6:$AI$6,">5")+COUNTIFS(H34:AI34,"X",$H$6:$AI$6,">5") -> 5 | AX34: =COUNTIF(H34:AI34,"WR*") -> 1 | AY34: =AV34/AU34 -> 1.625 | AZ34: =AU34+AK34 -> 4 | BA34: =AV34+AL34 -> 6.5 | BB34: =AW34+AM34 -> 14 | BC34: =AX34+AN34 -> 1 | BD34: =BA34/AZ34 -> 1.625
B35: =B34+1 -> 31 | C35: =C34+1 -> 28 | D35: Rayna Mak | E35: 75 | F35: =IFERROR(IF(VLOOKUP($D35,'Oct 25'!$C$8:$AH$51,31,0)=0,"",VLOOKUP($D35,'Oct 25'!$C$8:$AH$51,31,0)),"") | G35: =IFERROR(IF(VLOOKUP($D35,'Oct 25'!$C$8:$AH$51,32,0)=0,"",VLOOKUP($D35,'Oct 25'!$C$8:$AH$51,32,0)),"") | J35: HO4 | K35: AL | N35: AL | O35: AL | T35: WR3 | V35: HO4 | Y35: HO3 | AC35: HO4 | AH35: HO2 | AK35: =IFERROR(VLOOKUP($D35,'Oct 25'!$C$8:$BC$51,49,0),0) -> 8.5 | AL35: =IFERROR(VLOOKUP($D35,'Oct 25'!$C$8:$BC$51,50,0),0) -> 14 | AM35: =IFERROR(VLOOKUP($D35,'Oct 25'!$C$8:$BC$51,51,0),0) -> 13 | AN35: =IFERROR(VLOOKUP($D35,'Oct 25'!$C$8:$BC$51,52,0),0) -> 1 | AO35: =COUNTIFS(H35:AI35,"HO*",$H$6:$AI$6,"<5") -> 3 | AP35: =COUNTIFS(H35:AI35,"HO*",$H$6:$AI$6,"5") -> 1 | AQ35: =COUNTIFS(H35:AI35,"HO*",$H$6:$AI$6,"6")-COUNTIFS(H35:AI35,"HO6",$H$6:$AI$6,"6") -> 0 | AR35: =COUNTIFS(H35:AI35,"HO*",$H$6:$AI$6,"7")-COUNTIFS(H35:AI35,"HO6",$H$6:$AI$6,"7") -> 1 | AS35: =COUNTIF(H35:AI35,"HO6") -> 0 | AT35: =COUNTIF(H35:AI35,"S") -> 0 | AU35: =SUM(AO35:AR35)+AS35*0.5 -> 5 | AV35: =AO35*1+AP35*1.5+AQ35*2.5+AR35*2+AS35*0.5 -> 6.5 | AW35: =COUNTIFS(H35:AI35,"",$H$6:$AI$6,">5")+COUNTIFS(H35:AI35,"X",$H$6:$AI$6,">5") -> 6 | AX35: =COUNTIF(H35:AI35,"WR*") -> 1 | AY35: =AV35/AU35 -> 1.3 | AZ35: =AU35+AK35 -> 13.5 | BA35: =AV35+AL35 -> 20.5 | BB35: =AW35+AM35 -> 19 | BC35: =AX35+AN35 -> 2 | BD35: =BA35/AZ35 -> 1.5185185
B36: =B35+1 -> 32 | C36: =C35+1 -> 29 | D36: Khe Jia Siang | E36: 75 | F36: =IFERROR(IF(VLOOKUP($D36,'Oct 25'!$C$8:$AH$51,31,0)=0,"",VLOOKUP($D36,'Oct 25'!$C$8:$AH$51,31,0)),"") -> WR3 | G36: =IFERROR(IF(VLOOKUP($D36,'Oct 25'!$C$8:$AH$51,32,0)=0,"",VLOOKUP($D36,'Oct 25'!$C$8:$AH$51,32,0)),"") | L36: WR3 | N36: HO5 | S36: S | V36: HO3 | Z36: HO5 | AD36: HO4 | AH36: HO1 | AK36: =IFERROR(VLOOKUP($D36,'Oct 25'!$C$8:$BC$51,49,0),0) -> 0 | AL36: =IFERROR(VLOOKUP($D36,'Oct 25'!$C$8:$BC$51,50,0),0) -> 0 | AM36: =IFERROR(VLOOKUP($D36,'Oct 25'!$C$8:$BC$51,51,0),0) -> 8 | AN36: =IFERROR(VLOOKUP($D36,'Oct 25'!$C$8:$BC$51,52,0),0) -> 1 | AO36: =COUNTIFS(H36:AI36,"HO*",$H$6:$AI$6,"<5") -> 3 | AP36: =COUNTIFS(H36:AI36,"HO*",$H$6:$AI$6,"5") -> 0 | AQ36: =COUNTIFS(H36:AI36,"HO*",$H$6:$AI$6,"6")-COUNTIFS(H36:AI36,"HO6",$H$6:$AI$6,"6") -> 1 | AR36: =COUNTIFS(H36:AI36,"HO*",$H$6:$AI$6,"7")-COUNTIFS(H36:AI36,"HO6",$H$6:$AI$6,"7") -> 1 | AS36: =COUNTIF(H36:AI36,"HO6") -> 0 | AT36: =COUNTIF(H36:AI36,"S") -> 1 | AU36: =SUM(AO36:AR36)+AS36*0.5 -> 5 | AV36: =AO36*1+AP36*1.5+AQ36*2.5+AR36*2+AS36*0.5 -> 7.5 | AW36: =COUNTIFS(H36:AI36,"",$H$6:$AI$6,">5")+COUNTIFS(H36:AI36,"X",$H$6:$AI$6,">5") -> 4 | AX36: =COUNTIF(H36:AI36,"WR*") -> 1 | AY36: =AV36/AU36 -> 1.5 | AZ36: =AU36+AK36 -> 5 | BA36: =AV36+AL36 -> 7.5 | BB36: =AW36+AM36 -> 12 | BC36: =AX36+AN36 -> 2 | BD36: =BA36/AZ36 -> 1.5
B37: =B36+1 -> 33 | C37: =C36+1 -> 30 | D37: Isac Tan | E37: 75 HAE/ONC | F37: =IFERROR(IF(VLOOKUP($D37,'Oct 25'!$C$8:$AH$51,31,0)=0,"",VLOOKUP($D37,'Oct 25'!$C$8:$AH$51,31,0)),"") | G37: =IFERROR(IF(VLOOKUP($D37,'Oct 25'!$C$8:$AH$51,32,0)=0,"",VLOOKUP($D37,'Oct 25'!$C$8:$AH$51,32,0)),"") | K37: HO4 | P37: HO4 | S37: WR | W37: HO4 | AB37: HO3 | AF37: HO4 | AI37: AL | AK37: =IFERROR(VLOOKUP($D37,'Oct 25'!$C$8:$BC$51,49,0),0) -> 10 | AL37: =IFERROR(VLOOKUP($D37,'Oct 25'!$C$8:$BC$51,50,0),0) -> 13 | AM37: =IFERROR(VLOOKUP($D37,'Oct 25'!$C$8:$BC$51,51,0),0) -> 12 | AN37: =IFERROR(VLOOKUP($D37,'Oct 25'!$C$8:$BC$51,52,0),0) -> 1 | AO37: =COUNTIFS(H37:AI37,"HO*",$H$6:$AI$6,"<5") -> 3 | AP37: =COUNTIFS(H37:AI37,"HO*",$H$6:$AI$6,"5") -> 2 | AQ37: =COUNTIFS(H37:AI37,"HO*",$H$6:$AI$6,"6")-COUNTIFS(H37:AI37,"HO6",$H$6:$AI$6,"6") -> 0 | AR37: =COUNTIFS(H37:AI37,"HO*",$H$6:$AI$6,"7")-COUNTIFS(H37:AI37,"HO6",$H$6:$AI$6,"7") -> 0 | AS37: =COUNTIF(H37:AI37,"HO6") -> 0 | AT37: =COUNTIF(H37:AI37,"S") -> 0 | AU37: =SUM(AO37:AR37)+AS37*0.5 -> 5 | AV37: =AO37*1+AP37*1.5+AQ37*2.5+AR37*2+AS37*0.5 -> 6 | AW37: =COUNTIFS(H37:AI37,"",$H$6:$AI$6,">5")+COUNTIFS(H37:AI37,"X",$H$6:$AI$6,">5") -> 7 | AX37: =COUNTIF(H37:AI37,"WR*") -> 1 | AY37: =AV37/AU37 -> 1.2 | AZ37: =AU37+AK37 -> 15 | BA37: =AV37+AL37 -> 19 | BB37: =AW37+AM37 -> 19 | BC37: =AX37+AN37 -> 2 | BD37: =BA37/AZ37 -> 1.2666667
B38: =B37+1 -> 34 | C38: =C37+1 -> 31 | D38: Maegan Ng | E38: 76 HAE/ONC | F38: =IFERROR(IF(VLOOKUP($D38,'Oct 25'!$C$8:$AH$51,31,0)=0,"",VLOOKUP($D38,'Oct 25'!$C$8:$AH$51,31,0)),"") | G38: =IFERROR(IF(VLOOKUP($D38,'Oct 25'!$C$8:$AH$51,32,0)=0,"",VLOOKUP($D38,'Oct 25'!$C$8:$AH$51,32,0)),"") -> HO3 | K38: BCLS | N38: HO4 | Q38: HO5 | Y38: HO4 | AC38: HO3 | AF38: S | AK38: =IFERROR(VLOOKUP($D38,'Oct 25'!$C$8:$BC$51,49,0),0) -> 10 | AL38: =IFERROR(VLOOKUP($D38,'Oct 25'!$C$8:$BC$51,50,0),0) -> 16 | AM38: =IFERROR(VLOOKUP($D38,'Oct 25'!$C$8:$BC$51,51,0),0) -> 14 | AN38: =IFERROR(VLOOKUP($D38,'Oct 25'!$C$8:$BC$51,52,0),0) -> 1 | AO38: =COUNTIFS(H38:AI38,"HO*",$H$6:$AI$6,"<5") -> 3 | AP38: =COUNTIFS(H38:AI38,"HO*",$H$6:$AI$6,"5") -> 1 | AQ38: =COUNTIFS(H38:AI38,"HO*",$H$6:$AI$6,"6")-COUNTIFS(H38:AI38,"HO6",$H$6:$AI$6,"6") -> 0 | AR38: =COUNTIFS(H38:AI38,"HO*",$H$6:$AI$6,"7")-COUNTIFS(H38:AI38,"HO6",$H$6:$AI$6,"7") -> 0 | AS38: =COUNTIF(H38:AI38,"HO6") -> 0 | AT38: =COUNTIF(H38:AI38,"S") -> 1 | AU38: =SUM(AO38:AR38)+AS38*0.5 -> 4 | AV38: =AO38*1+AP38*1.5+AQ38*2.5+AR38*2+AS38*0.5 -> 4.5 | AW38: =COUNTIFS(H38:AI38,"",$H$6:$AI$6,">5")+COUNTIFS(H38:AI38,"X",$H$6:$AI$6,">5") -> 8 | AX38: =COUNTIF(H38:AI38,"WR*") -> 0 | AY38: =AV38/AU38 -> 1.125 | AZ38: =AU38+AK38 -> 14 | BA38: =AV38+AL38 -> 20.5 | BB38: =AW38+AM38 -> 22 | BC38: =AX38+AN38 -> 1 | BD38: =BA38/AZ38 -> 1.4642857
B39: =B38+1 -> 35 | C39: =C38+1 -> 32 | D39: Ashlee Tan | E39: 76 HAE/ONC | F39: =IFERROR(IF(VLOOKUP($D39,'Oct 25'!$C$8:$AH$51,31,0)=0,"",VLOOKUP($D39,'Oct 25'!$C$8:$AH$51,31,0)),"") | G39: =IFERROR(IF(VLOOKUP($D39,'Oct 25'!$C$8:$AH$51,32,0)=0,"",VLOOKUP($D39,'Oct 25'!$C$8:$AH$51,32,0)),"") | H39: HO4 | M39: HO4 | U39: HO2 | Y39: AL | AA39: HO5 | AG39: S | AK39: =IFERROR(VLOOKUP($D39,'Oct 25'!$C$8:$BC$51,49,0),0) -> 9 | AL39: =IFERROR(VLOOKUP($D39,'Oct 25'!$C$8:$BC$51,50,0),0) -> 15 | AM39: =IFERROR(VLOOKUP($D39,'Oct 25'!$C$8:$BC$51,51,0),0) -> 13 | AN39: =IFERROR(VLOOKUP($D39,'Oct 25'!$C$8:$BC$51,52,0),0) -> 1 | AO39: =COUNTIFS(H39:AI39,"HO*",$H$6:$AI$6,"<5") -> 2 | AP39: =COUNTIFS(H39:AI39,"HO*",$H$6:$AI$6,"5") -> 0 | AQ39: =COUNTIFS(H39:AI39,"HO*",$H$6:$AI$6,"6")-COUNTIFS(H39:AI39,"HO6",$H$6:$AI$6,"6") -> 0 | AR39: =COUNTIFS(H39:AI39,"HO*",$H$6:$AI$6,"7")-COUNTIFS(H39:AI39,"HO6",$H$6:$AI$6,"7") -> 2 | AS39: =COUNTIF(H39:AI39,"HO6") -> 0 | AT39: =COUNTIF(H39:AI39,"S") -> 1 | AU39: =SUM(AO39:AR39)+AS39*0.5 -> 4 | AV39: =AO39*1+AP39*1.5+AQ39*2.5+AR39*2+AS39*0.5 -> 6 | AW39: =COUNTIFS(H39:AI39,"",$H$6:$AI$6,">5")+COUNTIFS(H39:AI39,"X",$H$6:$AI$6,">5") -> 5 | AX39: =COUNTIF(H39:AI39,"WR*") -> 0 | AY39: =AV39/AU39 -> 1.5 | AZ39: =AU39+AK39 -> 13 | BA39: =AV39+AL39 -> 21 | BB39: =AW39+AM39 -> 18 | BC39: =AX39+AN39 -> 1 | BD39: =BA39/AZ39 -> 1.6153846
B40: =B39+1 -> 36 | C40: =C39+1 -> 33 | D40: Lim Jun Xiang | E40: 76 HAE/ONC | F40: =IFERROR(IF(VLOOKUP($D40,'Oct 25'!$C$8:$AH$51,31,0)=0,"",VLOOKUP($D40,'Oct 25'!$C$8:$AH$51,31,0)),"") -> HO6 | G40: =IFERROR(IF(VLOOKUP($D40,'Oct 25'!$C$8:$AH$51,32,0)=0,"",VLOOKUP($D40,'Oct 25'!$C$8:$AH$51,32,0)),"") | I40: HO4 | N40: HO1 | S40: HO4 | U40: AL | V40: AL | X40: HO4 | AB40: AL | AC40: AL | AD40: AL | AE40: AL | AF40: AL | AH40: S | AK40: =IFERROR(VLOOKUP($D40,'Oct 25'!$C$8:$BC$51,49,0),0) -> 9.5 | AL40: =IFERROR(VLOOKUP($D40,'Oct 25'!$C$8:$BC$51,50,0),0) -> 14 | AM40: =IFERROR(VLOOKUP($D40,'Oct 25'!$C$8:$BC$51,51,0),0) -> 13 | AN40: =IFERROR(VLOOKUP($D40,'Oct 25'!$C$8:$BC$51,52,0),0) -> 1 | AO40: =COUNTIFS(H40:AI40,"HO*",$H$6:$AI$6,"<5") -> 3 | AP40: =COUNTIFS(H40:AI40,"HO*",$H$6:$AI$6,"5") -> 0 | AQ40: =COUNTIFS(H40:AI40,"HO*",$H$6:$AI$6,"6")-COUNTIFS(H40:AI40,"HO6",$H$6:$AI$6,"6") -> 1 | AR40: =COUNTIFS(H40:AI40,"HO*",$H$6:$AI$6,"7")-COUNTIFS(H40:AI40,"HO6",$H$6:$AI$6,"7") -> 0 | AS40: =COUNTIF(H40:AI40,"HO6") -> 0 | AT40: =COUNTIF(H40:AI40,"S") -> 1 | AU40: =SUM(AO40:AR40)+AS40*0.5 -> 4 | AV40: =AO40*1+AP40*1.5+AQ40*2.5+AR40*2+AS40*0.5 -> 5.5 | AW40: =COUNTIFS(H40:AI40,"",$H$6:$AI$6,">5")+COUNTIFS(H40:AI40,"X",$H$6:$AI$6,">5") -> 6 | AX40: =COUNTIF(H40:AI40,"WR*") -> 0 | AY40: =AV40/AU40 -> 1.375 | AZ40: =AU40+AK40 -> 13.5 | BA40: =AV40+AL40 -> 19.5 | BB40: =AW40+AM40 -> 19 | BC40: =AX40+AN40 -> 1 | BD40: =BA40/AZ40 -> 1.4444444
